,mean_fit_time,std_fit_time,mean_score_time,std_score_time,param_C,param_gamma,param_kernel,params,split0_test_score,split1_test_score,split2_test_score,split3_test_score,split4_test_score,split5_test_score,split6_test_score,split7_test_score,split8_test_score,split9_test_score,mean_test_score,std_test_score,rank_test_score
0,14.087196683883667,3.3787559439829664,1.8170743465423584,0.8927270344760659,0.0001,0.0001,rbf,"{'C': 0.0001, 'gamma': 0.0001, 'kernel': 'rbf'}",0.7708333333333333,0.7708333333333333,0.7708333333333333,0.7748691099476439,0.7748691099476439,0.7748691099476439,0.768421052631579,0.768421052631579,0.768421052631579,0.768421052631579,0.7710791540369247,0.0026745951692720158,3
1,23.17198097705841,6.471096907195768,2.862058091163635,1.0727659105700031,0.0001,0.001,rbf,"{'C': 0.0001, 'gamma': 0.001, 'kernel': 'rbf'}",0.7708333333333333,0.7708333333333333,0.7708333333333333,0.7748691099476439,0.7748691099476439,0.7748691099476439,0.768421052631579,0.768421052631579,0.768421052631579,0.768421052631579,0.7710791540369247,0.0026745951692720158,3
2,25.57291865348816,3.81881047046282,2.461082339286804,0.750967748343496,0.0001,0.01,rbf,"{'C': 0.0001, 'gamma': 0.01, 'kernel': 'rbf'}",0.7708333333333333,0.7708333333333333,0.7708333333333333,0.7748691099476439,0.7748691099476439,0.7748691099476439,0.768421052631579,0.768421052631579,0.768421052631579,0.768421052631579,0.7710791540369247,0.0026745951692720158,3
3,19.32103579044342,5.726158197089677,2.0727630376815798,0.9042629958630707,0.0001,0.03,rbf,"{'C': 0.0001, 'gamma': 0.03, 'kernel': 'rbf'}",0.7708333333333333,0.7708333333333333,0.7708333333333333,0.7748691099476439,0.7748691099476439,0.7748691099476439,0.768421052631579,0.768421052631579,0.768421052631579,0.768421052631579,0.7710791540369247,0.0026745951692720158,3
4,17.362251019477846,5.60082963560308,2.75838098526001,0.9101745464335999,0.0001,0.1,rbf,"{'C': 0.0001, 'gamma': 0.1, 'kernel': 'rbf'}",0.7708333333333333,0.7708333333333333,0.7708333333333333,0.7748691099476439,0.7748691099476439,0.7748691099476439,0.768421052631579,0.768421052631579,0.768421052631579,0.768421052631579,0.7710791540369247,0.0026745951692720158,3
5,20.310807991027833,4.94733382002112,2.5280897855758666,0.5023208019495473,0.0001,0.3,rbf,"{'C': 0.0001, 'gamma': 0.3, 'kernel': 'rbf'}",0.7708333333333333,0.7708333333333333,0.7708333333333333,0.7748691099476439,0.7748691099476439,0.7748691099476439,0.768421052631579,0.768421052631579,0.768421052631579,0.768421052631579,0.7710791540369247,0.0026745951692720158,3
6,21.13466818332672,5.4770613089277,2.4093958139419556,0.655173127754689,0.0001,1,rbf,"{'C': 0.0001, 'gamma': 1, 'kernel': 'rbf'}",0.7708333333333333,0.7708333333333333,0.7708333333333333,0.7748691099476439,0.7748691099476439,0.7748691099476439,0.768421052631579,0.768421052631579,0.768421052631579,0.768421052631579,0.7710791540369247,0.0026745951692720158,3
7,20.440857005119323,6.444921258562395,2.295469284057617,0.7698168183924068,0.0001,3,rbf,"{'C': 0.0001, 'gamma': 3, 'kernel': 'rbf'}",0.7708333333333333,0.7708333333333333,0.7708333333333333,0.7748691099476439,0.7748691099476439,0.7748691099476439,0.768421052631579,0.768421052631579,0.768421052631579,0.768421052631579,0.7710791540369247,0.0026745951692720158,3
8,18.56184868812561,4.867324517930245,1.8370271444320678,0.5600518432738818,0.0001,10,rbf,"{'C': 0.0001, 'gamma': 10, 'kernel': 'rbf'}",0.7708333333333333,0.7708333333333333,0.7708333333333333,0.7748691099476439,0.7748691099476439,0.7748691099476439,0.768421052631579,0.768421052631579,0.768421052631579,0.768421052631579,0.7710791540369247,0.0026745951692720158,3
9,20.983790779113768,3.818343296559103,2.2023346185684205,0.7870935130449082,0.0001,100,rbf,"{'C': 0.0001, 'gamma': 100, 'kernel': 'rbf'}",0.7708333333333333,0.7708333333333333,0.7708333333333333,0.7748691099476439,0.7748691099476439,0.7748691099476439,0.768421052631579,0.768421052631579,0.768421052631579,0.768421052631579,0.7710791540369247,0.0026745951692720158,3
10,20.90456657409668,4.500601030523762,2.3901694297790526,0.6337740048370982,0.0001,1000,rbf,"{'C': 0.0001, 'gamma': 1000, 'kernel': 'rbf'}",0.7708333333333333,0.7708333333333333,0.7708333333333333,0.7748691099476439,0.7748691099476439,0.7748691099476439,0.768421052631579,0.768421052631579,0.768421052631579,0.768421052631579,0.7710791540369247,0.0026745951692720158,3
11,25.873695731163025,5.199369694605099,3.4891671180725097,0.8351953977559107,0.001,0.0001,rbf,"{'C': 0.001, 'gamma': 0.0001, 'kernel': 'rbf'}",0.7708333333333333,0.7708333333333333,0.7708333333333333,0.7748691099476439,0.7748691099476439,0.7748691099476439,0.768421052631579,0.768421052631579,0.768421052631579,0.768421052631579,0.7710791540369247,0.0026745951692720158,3
12,23.92203278541565,6.629216426326809,3.6551835536956787,1.1047113198569067,0.001,0.001,rbf,"{'C': 0.001, 'gamma': 0.001, 'kernel': 'rbf'}",0.7708333333333333,0.7708333333333333,0.7708333333333333,0.7748691099476439,0.7748691099476439,0.7748691099476439,0.768421052631579,0.768421052631579,0.768421052631579,0.768421052631579,0.7710791540369247,0.0026745951692720158,3
13,17.96692132949829,5.4211195427046475,2.718213510513306,1.2134342626456691,0.001,0.01,rbf,"{'C': 0.001, 'gamma': 0.01, 'kernel': 'rbf'}",0.7708333333333333,0.7708333333333333,0.7708333333333333,0.7748691099476439,0.7748691099476439,0.7748691099476439,0.768421052631579,0.768421052631579,0.768421052631579,0.768421052631579,0.7710791540369247,0.0026745951692720158,3
14,21.061307787895203,5.586705432795253,2.5215202808380126,0.7368216988860588,0.001,0.03,rbf,"{'C': 0.001, 'gamma': 0.03, 'kernel': 'rbf'}",0.7708333333333333,0.7708333333333333,0.7708333333333333,0.7748691099476439,0.7748691099476439,0.7748691099476439,0.768421052631579,0.768421052631579,0.768421052631579,0.768421052631579,0.7710791540369247,0.0026745951692720158,3
15,21.504874086380006,4.867864201849331,2.5808557748794554,0.8987151736980604,0.001,0.1,rbf,"{'C': 0.001, 'gamma': 0.1, 'kernel': 'rbf'}",0.7708333333333333,0.7708333333333333,0.7708333333333333,0.7748691099476439,0.7748691099476439,0.7748691099476439,0.768421052631579,0.768421052631579,0.768421052631579,0.768421052631579,0.7710791540369247,0.0026745951692720158,3
16,22.96328146457672,4.854251193993568,3.453019404411316,0.7013577325926573,0.001,0.3,rbf,"{'C': 0.001, 'gamma': 0.3, 'kernel': 'rbf'}",0.7708333333333333,0.7708333333333333,0.7708333333333333,0.7748691099476439,0.7748691099476439,0.7748691099476439,0.768421052631579,0.768421052631579,0.768421052631579,0.768421052631579,0.7710791540369247,0.0026745951692720158,3
17,23.884934377670287,5.542454541121861,3.3247202157974245,0.7085038739326255,0.001,1,rbf,"{'C': 0.001, 'gamma': 1, 'kernel': 'rbf'}",0.7708333333333333,0.7708333333333333,0.7708333333333333,0.7748691099476439,0.7748691099476439,0.7748691099476439,0.768421052631579,0.768421052631579,0.768421052631579,0.768421052631579,0.7710791540369247,0.0026745951692720158,3
18,20.220010304450987,4.259115023147497,2.8139228582382203,0.893876840747555,0.001,3,rbf,"{'C': 0.001, 'gamma': 3, 'kernel': 'rbf'}",0.7708333333333333,0.7708333333333333,0.7708333333333333,0.7748691099476439,0.7748691099476439,0.7748691099476439,0.768421052631579,0.768421052631579,0.768421052631579,0.768421052631579,0.7710791540369247,0.0026745951692720158,3
19,26.16019148826599,3.652414433914067,3.6132516622543336,0.8318668809899671,0.001,10,rbf,"{'C': 0.001, 'gamma': 10, 'kernel': 'rbf'}",0.7708333333333333,0.7708333333333333,0.7708333333333333,0.7748691099476439,0.7748691099476439,0.7748691099476439,0.768421052631579,0.768421052631579,0.768421052631579,0.768421052631579,0.7710791540369247,0.0026745951692720158,3
20,21.847931933403014,6.097448565910108,2.9202373743057253,1.2227982729052145,0.001,100,rbf,"{'C': 0.001, 'gamma': 100, 'kernel': 'rbf'}",0.7708333333333333,0.7708333333333333,0.7708333333333333,0.7748691099476439,0.7748691099476439,0.7748691099476439,0.768421052631579,0.768421052631579,0.768421052631579,0.768421052631579,0.7710791540369247,0.0026745951692720158,3
21,25.40756974220276,3.946600761990483,3.6181726694107055,0.7178208680691774,0.001,1000,rbf,"{'C': 0.001, 'gamma': 1000, 'kernel': 'rbf'}",0.7708333333333333,0.7708333333333333,0.7708333333333333,0.7748691099476439,0.7748691099476439,0.7748691099476439,0.768421052631579,0.768421052631579,0.768421052631579,0.768421052631579,0.7710791540369247,0.0026745951692720158,3
22,23.62253580093384,7.227990975477365,3.1391786336898804,1.2624500822719649,0.01,0.0001,rbf,"{'C': 0.01, 'gamma': 0.0001, 'kernel': 'rbf'}",0.7708333333333333,0.7708333333333333,0.7708333333333333,0.7748691099476439,0.7748691099476439,0.7748691099476439,0.768421052631579,0.768421052631579,0.768421052631579,0.768421052631579,0.7710791540369247,0.0026745951692720158,3
23,27.511508893966674,6.666047095872295,3.486236262321472,1.0378058558748773,0.01,0.001,rbf,"{'C': 0.01, 'gamma': 0.001, 'kernel': 'rbf'}",0.7708333333333333,0.7708333333333333,0.7708333333333333,0.7748691099476439,0.7748691099476439,0.7748691099476439,0.768421052631579,0.768421052631579,0.768421052631579,0.768421052631579,0.7710791540369247,0.0026745951692720158,3
24,25.176590514183044,3.8310945971627084,2.9245837211608885,1.0200232659305175,0.01,0.01,rbf,"{'C': 0.01, 'gamma': 0.01, 'kernel': 'rbf'}",0.7708333333333333,0.7708333333333333,0.7708333333333333,0.7748691099476439,0.7748691099476439,0.7748691099476439,0.768421052631579,0.768421052631579,0.768421052631579,0.768421052631579,0.7710791540369247,0.0026745951692720158,3
25,28.25241322517395,3.557022953336561,3.75424542427063,0.8657705475640304,0.01,0.03,rbf,"{'C': 0.01, 'gamma': 0.03, 'kernel': 'rbf'}",0.7708333333333333,0.7708333333333333,0.7708333333333333,0.7748691099476439,0.7748691099476439,0.7748691099476439,0.768421052631579,0.768421052631579,0.768421052631579,0.768421052631579,0.7710791540369247,0.0026745951692720158,3
26,23.065252828598023,6.70820406437786,3.1806755304336547,1.0292231966294738,0.01,0.1,rbf,"{'C': 0.01, 'gamma': 0.1, 'kernel': 'rbf'}",0.7708333333333333,0.7708333333333333,0.7708333333333333,0.7748691099476439,0.7748691099476439,0.7748691099476439,0.768421052631579,0.768421052631579,0.768421052631579,0.768421052631579,0.7710791540369247,0.0026745951692720158,3
27,23.354647874832153,4.54958125455344,3.1560109853744507,1.317468434371442,0.01,0.3,rbf,"{'C': 0.01, 'gamma': 0.3, 'kernel': 'rbf'}",0.7708333333333333,0.7708333333333333,0.7708333333333333,0.7748691099476439,0.7748691099476439,0.7748691099476439,0.768421052631579,0.768421052631579,0.768421052631579,0.768421052631579,0.7710791540369247,0.0026745951692720158,3
28,20.255764651298524,6.184985556262041,2.3897351026535034,1.001328570947937,0.01,1,rbf,"{'C': 0.01, 'gamma': 1, 'kernel': 'rbf'}",0.7708333333333333,0.7708333333333333,0.7708333333333333,0.7748691099476439,0.7748691099476439,0.7748691099476439,0.768421052631579,0.768421052631579,0.768421052631579,0.768421052631579,0.7710791540369247,0.0026745951692720158,3
29,22.494790410995485,6.445794460668478,3.1856720447540283,1.0806892789918416,0.01,3,rbf,"{'C': 0.01, 'gamma': 3, 'kernel': 'rbf'}",0.7708333333333333,0.7708333333333333,0.7708333333333333,0.7748691099476439,0.7748691099476439,0.7748691099476439,0.768421052631579,0.768421052631579,0.768421052631579,0.768421052631579,0.7710791540369247,0.0026745951692720158,3
30,20.326579999923705,6.613288151967247,3.205598473548889,1.134550473774347,0.01,10,rbf,"{'C': 0.01, 'gamma': 10, 'kernel': 'rbf'}",0.7708333333333333,0.7708333333333333,0.7708333333333333,0.7748691099476439,0.7748691099476439,0.7748691099476439,0.768421052631579,0.768421052631579,0.768421052631579,0.768421052631579,0.7710791540369247,0.0026745951692720158,3
31,23.849158358573913,5.607680692446441,2.9847873210906983,1.1090852876379114,0.01,100,rbf,"{'C': 0.01, 'gamma': 100, 'kernel': 'rbf'}",0.7708333333333333,0.7708333333333333,0.7708333333333333,0.7748691099476439,0.7748691099476439,0.7748691099476439,0.768421052631579,0.768421052631579,0.768421052631579,0.768421052631579,0.7710791540369247,0.0026745951692720158,3
32,24.917121267318727,5.247321826036231,3.1185871362686157,0.8772328186174083,0.01,1000,rbf,"{'C': 0.01, 'gamma': 1000, 'kernel': 'rbf'}",0.7708333333333333,0.7708333333333333,0.7708333333333333,0.7748691099476439,0.7748691099476439,0.7748691099476439,0.768421052631579,0.768421052631579,0.768421052631579,0.768421052631579,0.7710791540369247,0.0026745951692720158,3
33,23.430056667327882,4.562397757045136,2.4782246112823487,1.0395155454754195,0.03,0.0001,rbf,"{'C': 0.03, 'gamma': 0.0001, 'kernel': 'rbf'}",0.7708333333333333,0.7708333333333333,0.7708333333333333,0.7748691099476439,0.7748691099476439,0.7748691099476439,0.768421052631579,0.768421052631579,0.768421052631579,0.768421052631579,0.7710791540369247,0.0026745951692720158,3
34,20.42523922920227,7.214837309978431,2.453581357002258,1.2495547153638258,0.03,0.001,rbf,"{'C': 0.03, 'gamma': 0.001, 'kernel': 'rbf'}",0.7708333333333333,0.7708333333333333,0.7708333333333333,0.7748691099476439,0.7748691099476439,0.7748691099476439,0.768421052631579,0.768421052631579,0.768421052631579,0.768421052631579,0.7710791540369247,0.0026745951692720158,3
35,23.979698824882508,5.503986961441592,3.160126256942749,1.0035316373797678,0.03,0.01,rbf,"{'C': 0.03, 'gamma': 0.01, 'kernel': 'rbf'}",0.7708333333333333,0.7708333333333333,0.7708333333333333,0.7748691099476439,0.7748691099476439,0.7748691099476439,0.768421052631579,0.768421052631579,0.768421052631579,0.768421052631579,0.7710791540369247,0.0026745951692720158,3
36,24.06585054397583,4.842045902944633,3.419630026817322,1.0317011533336282,0.03,0.03,rbf,"{'C': 0.03, 'gamma': 0.03, 'kernel': 'rbf'}",0.7708333333333333,0.7708333333333333,0.7708333333333333,0.7748691099476439,0.7748691099476439,0.7748691099476439,0.768421052631579,0.768421052631579,0.768421052631579,0.768421052631579,0.7710791540369247,0.0026745951692720158,3
37,25.852341723442077,5.245421492939054,2.8152976274490356,0.8401507460942056,0.03,0.1,rbf,"{'C': 0.03, 'gamma': 0.1, 'kernel': 'rbf'}",0.7708333333333333,0.7708333333333333,0.7708333333333333,0.7748691099476439,0.7748691099476439,0.7748691099476439,0.768421052631579,0.768421052631579,0.768421052631579,0.768421052631579,0.7710791540369247,0.0026745951692720158,3
38,23.628067898750306,6.219463201559852,2.65932879447937,1.2469220445277762,0.03,0.3,rbf,"{'C': 0.03, 'gamma': 0.3, 'kernel': 'rbf'}",0.7708333333333333,0.7708333333333333,0.7708333333333333,0.7748691099476439,0.7748691099476439,0.7748691099476439,0.768421052631579,0.768421052631579,0.768421052631579,0.768421052631579,0.7710791540369247,0.0026745951692720158,3
39,24.469688272476198,4.496613315700065,3.3168274402618407,0.854411552786468,0.03,1,rbf,"{'C': 0.03, 'gamma': 1, 'kernel': 'rbf'}",0.7708333333333333,0.7708333333333333,0.7708333333333333,0.7748691099476439,0.7748691099476439,0.7748691099476439,0.768421052631579,0.768421052631579,0.768421052631579,0.768421052631579,0.7710791540369247,0.0026745951692720158,3
40,22.5121111869812,4.9862456904539165,2.8193694591522216,0.8396522305053495,0.03,3,rbf,"{'C': 0.03, 'gamma': 3, 'kernel': 'rbf'}",0.7708333333333333,0.7708333333333333,0.7708333333333333,0.7748691099476439,0.7748691099476439,0.7748691099476439,0.768421052631579,0.768421052631579,0.768421052631579,0.768421052631579,0.7710791540369247,0.0026745951692720158,3
41,20.552862572669984,6.571891432340316,3.132531762123108,0.8278332079188354,0.03,10,rbf,"{'C': 0.03, 'gamma': 10, 'kernel': 'rbf'}",0.7708333333333333,0.7708333333333333,0.7708333333333333,0.7748691099476439,0.7748691099476439,0.7748691099476439,0.768421052631579,0.768421052631579,0.768421052631579,0.768421052631579,0.7710791540369247,0.0026745951692720158,3
42,25.272405195236207,3.4042377178371246,3.6192717790603637,0.7099734259065547,0.03,100,rbf,"{'C': 0.03, 'gamma': 100, 'kernel': 'rbf'}",0.7708333333333333,0.7708333333333333,0.7708333333333333,0.7748691099476439,0.7748691099476439,0.7748691099476439,0.768421052631579,0.768421052631579,0.768421052631579,0.768421052631579,0.7710791540369247,0.0026745951692720158,3
43,22.40764100551605,5.955236184630775,2.8416760206222533,0.857208313598484,0.03,1000,rbf,"{'C': 0.03, 'gamma': 1000, 'kernel': 'rbf'}",0.7708333333333333,0.7708333333333333,0.7708333333333333,0.7748691099476439,0.7748691099476439,0.7748691099476439,0.768421052631579,0.768421052631579,0.768421052631579,0.768421052631579,0.7710791540369247,0.0026745951692720158,3
44,23.656164622306825,5.2374003814348615,3.242461347579956,0.8718491521487182,0.1,0.0001,rbf,"{'C': 0.1, 'gamma': 0.0001, 'kernel': 'rbf'}",0.7708333333333333,0.7708333333333333,0.7708333333333333,0.7748691099476439,0.7748691099476439,0.7748691099476439,0.768421052631579,0.768421052631579,0.768421052631579,0.768421052631579,0.7710791540369247,0.0026745951692720158,3
45,22.304798793792724,5.353298692822759,2.5755278348922728,1.0280821395684927,0.1,0.001,rbf,"{'C': 0.1, 'gamma': 0.001, 'kernel': 'rbf'}",0.7708333333333333,0.7708333333333333,0.7708333333333333,0.7748691099476439,0.7748691099476439,0.7748691099476439,0.768421052631579,0.768421052631579,0.768421052631579,0.768421052631579,0.7710791540369247,0.0026745951692720158,3
46,22.945493602752684,6.24785784965016,3.4022289752960204,1.175296749243893,0.1,0.01,rbf,"{'C': 0.1, 'gamma': 0.01, 'kernel': 'rbf'}",0.7708333333333333,0.7708333333333333,0.7708333333333333,0.7748691099476439,0.7748691099476439,0.7748691099476439,0.768421052631579,0.768421052631579,0.768421052631579,0.768421052631579,0.7710791540369247,0.0026745951692720158,3
47,22.97322154045105,4.569438594918571,3.3811110734939573,0.6827351674737201,0.1,0.03,rbf,"{'C': 0.1, 'gamma': 0.03, 'kernel': 'rbf'}",0.7708333333333333,0.7708333333333333,0.7708333333333333,0.7748691099476439,0.7748691099476439,0.7748691099476439,0.768421052631579,0.768421052631579,0.768421052631579,0.768421052631579,0.7710791540369247,0.0026745951692720158,3
48,21.432656979560853,6.417786247470706,2.8159416913986206,1.083126122942717,0.1,0.1,rbf,"{'C': 0.1, 'gamma': 0.1, 'kernel': 'rbf'}",0.7708333333333333,0.7708333333333333,0.7708333333333333,0.7748691099476439,0.7748691099476439,0.7748691099476439,0.768421052631579,0.768421052631579,0.768421052631579,0.768421052631579,0.7710791540369247,0.0026745951692720158,3
49,22.854234600067137,5.352916223105438,3.6343169689178465,0.8096083942458758,0.1,0.3,rbf,"{'C': 0.1, 'gamma': 0.3, 'kernel': 'rbf'}",0.7708333333333333,0.7708333333333333,0.7708333333333333,0.7748691099476439,0.7748691099476439,0.7748691099476439,0.768421052631579,0.768421052631579,0.768421052631579,0.768421052631579,0.7710791540369247,0.0026745951692720158,3
50,24.75705256462097,4.546845793604834,3.5263375759124758,0.7180895792056241,0.1,1,rbf,"{'C': 0.1, 'gamma': 1, 'kernel': 'rbf'}",0.7708333333333333,0.7708333333333333,0.7708333333333333,0.7748691099476439,0.7748691099476439,0.7748691099476439,0.768421052631579,0.768421052631579,0.768421052631579,0.768421052631579,0.7710791540369247,0.0026745951692720158,3
51,21.27233281135559,5.888472320395316,2.7395451784133913,1.2669452229072817,0.1,3,rbf,"{'C': 0.1, 'gamma': 3, 'kernel': 'rbf'}",0.7708333333333333,0.7708333333333333,0.7708333333333333,0.7748691099476439,0.7748691099476439,0.7748691099476439,0.768421052631579,0.768421052631579,0.768421052631579,0.768421052631579,0.7710791540369247,0.0026745951692720158,3
52,20.85590879917145,5.6549489712687935,2.493663716316223,0.6472097975170529,0.1,10,rbf,"{'C': 0.1, 'gamma': 10, 'kernel': 'rbf'}",0.7708333333333333,0.7708333333333333,0.7708333333333333,0.7748691099476439,0.7748691099476439,0.7748691099476439,0.768421052631579,0.768421052631579,0.768421052631579,0.768421052631579,0.7710791540369247,0.0026745951692720158,3
53,22.837105536460875,6.078284008657767,3.246213507652283,1.0024562440178775,0.1,100,rbf,"{'C': 0.1, 'gamma': 100, 'kernel': 'rbf'}",0.7708333333333333,0.7708333333333333,0.7708333333333333,0.7748691099476439,0.7748691099476439,0.7748691099476439,0.768421052631579,0.768421052631579,0.768421052631579,0.768421052631579,0.7710791540369247,0.0026745951692720158,3
54,25.76847562789917,2.8567401744432765,3.6157774209976195,0.627372972286442,0.1,1000,rbf,"{'C': 0.1, 'gamma': 1000, 'kernel': 'rbf'}",0.7708333333333333,0.7708333333333333,0.7708333333333333,0.7748691099476439,0.7748691099476439,0.7748691099476439,0.768421052631579,0.768421052631579,0.768421052631579,0.768421052631579,0.7710791540369247,0.0026745951692720158,3
55,24.002048754692076,5.513867811896129,2.8326974630355837,1.0556304036767499,0.3,0.0001,rbf,"{'C': 0.3, 'gamma': 0.0001, 'kernel': 'rbf'}",0.7708333333333333,0.7708333333333333,0.7708333333333333,0.7748691099476439,0.7748691099476439,0.7748691099476439,0.768421052631579,0.768421052631579,0.768421052631579,0.768421052631579,0.7710791540369247,0.0026745951692720158,3
56,24.909562969207762,4.075702407988871,3.2804332971572876,0.5571846250810097,0.3,0.001,rbf,"{'C': 0.3, 'gamma': 0.001, 'kernel': 'rbf'}",0.7708333333333333,0.7708333333333333,0.7708333333333333,0.7748691099476439,0.7748691099476439,0.7748691099476439,0.768421052631579,0.768421052631579,0.768421052631579,0.768421052631579,0.7710791540369247,0.0026745951692720158,3
57,22.666428875923156,5.550653778359216,2.3495511770248414,0.7701303647420848,0.3,0.01,rbf,"{'C': 0.3, 'gamma': 0.01, 'kernel': 'rbf'}",0.7708333333333333,0.7708333333333333,0.7708333333333333,0.7748691099476439,0.7748691099476439,0.7748691099476439,0.768421052631579,0.768421052631579,0.768421052631579,0.768421052631579,0.7710791540369247,0.0026745951692720158,3
58,23.700625395774843,4.313476119475177,3.4755454540252684,0.6788060175280349,0.3,0.03,rbf,"{'C': 0.3, 'gamma': 0.03, 'kernel': 'rbf'}",0.7708333333333333,0.7708333333333333,0.7708333333333333,0.7748691099476439,0.7748691099476439,0.7748691099476439,0.768421052631579,0.768421052631579,0.768421052631579,0.768421052631579,0.7710791540369247,0.0026745951692720158,3
59,22.19131190776825,7.467923536154948,3.006493926048279,1.0271172557603585,0.3,0.1,rbf,"{'C': 0.3, 'gamma': 0.1, 'kernel': 'rbf'}",0.7708333333333333,0.7708333333333333,0.7708333333333333,0.7748691099476439,0.7748691099476439,0.7748691099476439,0.768421052631579,0.768421052631579,0.768421052631579,0.768421052631579,0.7710791540369247,0.0026745951692720158,3
60,22.095646715164186,6.015491472345022,2.902398443222046,0.8922224376660266,0.3,0.3,rbf,"{'C': 0.3, 'gamma': 0.3, 'kernel': 'rbf'}",0.7708333333333333,0.7708333333333333,0.7708333333333333,0.7748691099476439,0.7748691099476439,0.7748691099476439,0.768421052631579,0.768421052631579,0.768421052631579,0.768421052631579,0.7710791540369247,0.0026745951692720158,3
61,22.83001399040222,6.362217774847278,2.562474179267883,0.8726954170826335,0.3,1,rbf,"{'C': 0.3, 'gamma': 1, 'kernel': 'rbf'}",0.7708333333333333,0.7708333333333333,0.7708333333333333,0.7748691099476439,0.7748691099476439,0.7748691099476439,0.768421052631579,0.768421052631579,0.768421052631579,0.768421052631579,0.7710791540369247,0.0026745951692720158,3
62,22.836158132553102,7.066583106080357,2.941028881072998,0.5879798618400851,0.3,3,rbf,"{'C': 0.3, 'gamma': 3, 'kernel': 'rbf'}",0.7708333333333333,0.7708333333333333,0.7708333333333333,0.7748691099476439,0.7748691099476439,0.7748691099476439,0.768421052631579,0.768421052631579,0.768421052631579,0.768421052631579,0.7710791540369247,0.0026745951692720158,3
63,24.03079617023468,4.762121794954628,3.3701940059661863,1.029861712439598,0.3,10,rbf,"{'C': 0.3, 'gamma': 10, 'kernel': 'rbf'}",0.7708333333333333,0.7708333333333333,0.7708333333333333,0.7748691099476439,0.7748691099476439,0.7748691099476439,0.768421052631579,0.768421052631579,0.768421052631579,0.768421052631579,0.7710791540369247,0.0026745951692720158,3
64,22.884517073631287,5.299208140930078,2.89482524394989,0.8783873367942628,0.3,100,rbf,"{'C': 0.3, 'gamma': 100, 'kernel': 'rbf'}",0.7708333333333333,0.7708333333333333,0.7708333333333333,0.7748691099476439,0.7748691099476439,0.7748691099476439,0.768421052631579,0.768421052631579,0.768421052631579,0.768421052631579,0.7710791540369247,0.0026745951692720158,3
65,24.051846981048584,4.280720998274736,2.622511315345764,1.105592176791322,0.3,1000,rbf,"{'C': 0.3, 'gamma': 1000, 'kernel': 'rbf'}",0.7708333333333333,0.7708333333333333,0.7708333333333333,0.7748691099476439,0.7748691099476439,0.7748691099476439,0.768421052631579,0.768421052631579,0.768421052631579,0.768421052631579,0.7710791540369247,0.0026745951692720158,3
66,22.234162092208862,4.729683286368912,2.786076378822327,0.6253663414268326,1,0.0001,rbf,"{'C': 1, 'gamma': 0.0001, 'kernel': 'rbf'}",0.7659574468085106,0.7593582887700534,0.7724867724867726,0.7748691099476439,0.7830687830687831,0.7724867724867726,0.7724867724867724,0.7724867724867724,0.768421052631579,0.7593582887700534,0.7700980059943714,0.0068151945484858515,78
67,20.765517401695252,5.737750688822885,2.8237443447113035,1.1416358311412909,1,0.001,rbf,"{'C': 1, 'gamma': 0.001, 'kernel': 'rbf'}",0.7619047619047619,0.7619047619047619,0.7659574468085106,0.7748691099476439,0.7789473684210527,0.7748691099476439,0.7724867724867724,0.768421052631579,0.768421052631579,0.7593582887700534,0.7687139725454359,0.006186739041836595,118
68,24.775203800201417,3.936459673761027,3.329629969596863,1.0429532961759895,1,0.01,rbf,"{'C': 1, 'gamma': 0.01, 'kernel': 'rbf'}",0.7619047619047619,0.7708333333333333,0.7748691099476439,0.7748691099476439,0.7789473684210527,0.7748691099476439,0.768421052631579,0.768421052631579,0.768421052631579,0.7593582887700534,0.7700914240166871,0.0058141988247896684,79
69,23.603659915924073,5.392119426941274,3.4215527057647703,1.0468241317802467,1,0.03,rbf,"{'C': 1, 'gamma': 0.03, 'kernel': 'rbf'}",0.7619047619047619,0.7708333333333333,0.7748691099476439,0.7748691099476439,0.7789473684210527,0.7748691099476439,0.768421052631579,0.768421052631579,0.768421052631579,0.7593582887700534,0.7700914240166871,0.0058141988247896684,79
70,24.317166471481322,4.5091857672978986,3.05719792842865,1.0675446433259896,1,0.1,rbf,"{'C': 1, 'gamma': 0.1, 'kernel': 'rbf'}",0.7619047619047619,0.7708333333333333,0.7748691099476439,0.7748691099476439,0.7789473684210527,0.7748691099476439,0.768421052631579,0.768421052631579,0.768421052631579,0.7593582887700534,0.7700914240166871,0.0058141988247896684,79
71,23.508377647399904,4.325034737646353,2.6033647537231444,0.815594105831497,1,0.3,rbf,"{'C': 1, 'gamma': 0.3, 'kernel': 'rbf'}",0.7619047619047619,0.7708333333333333,0.7748691099476439,0.7748691099476439,0.7789473684210527,0.7748691099476439,0.768421052631579,0.768421052631579,0.768421052631579,0.7593582887700534,0.7700914240166871,0.0058141988247896684,79
72,23.287321782112123,4.990748219306445,2.8755120515823362,0.9158886551468634,1,1,rbf,"{'C': 1, 'gamma': 1, 'kernel': 'rbf'}",0.7619047619047619,0.7708333333333333,0.7748691099476439,0.7748691099476439,0.7789473684210527,0.7748691099476439,0.768421052631579,0.768421052631579,0.768421052631579,0.7593582887700534,0.7700914240166871,0.0058141988247896684,79
73,22.02320237159729,6.506699099096652,2.9326275825500487,0.9786470128330393,1,3,rbf,"{'C': 1, 'gamma': 3, 'kernel': 'rbf'}",0.7619047619047619,0.7708333333333333,0.7748691099476439,0.7748691099476439,0.7789473684210527,0.7748691099476439,0.768421052631579,0.768421052631579,0.768421052631579,0.7593582887700534,0.7700914240166871,0.0058141988247896684,79
74,22.152327275276186,4.122929990526895,2.875841212272644,0.8209246056516126,1,10,rbf,"{'C': 1, 'gamma': 10, 'kernel': 'rbf'}",0.7619047619047619,0.7708333333333333,0.7748691099476439,0.7748691099476439,0.7789473684210527,0.7748691099476439,0.768421052631579,0.768421052631579,0.768421052631579,0.7593582887700534,0.7700914240166871,0.0058141988247896684,79
75,22.222929382324217,5.668246262885504,3.0531415700912476,1.1495402600008744,1,100,rbf,"{'C': 1, 'gamma': 100, 'kernel': 'rbf'}",0.7619047619047619,0.7708333333333333,0.7748691099476439,0.7748691099476439,0.7789473684210527,0.7748691099476439,0.768421052631579,0.768421052631579,0.768421052631579,0.7593582887700534,0.7700914240166871,0.0058141988247896684,79
76,23.044172358512878,4.763502118199465,2.7539177417755125,0.7254956076859305,1,1000,rbf,"{'C': 1, 'gamma': 1000, 'kernel': 'rbf'}",0.7619047619047619,0.7708333333333333,0.7748691099476439,0.7748691099476439,0.7789473684210527,0.7748691099476439,0.768421052631579,0.768421052631579,0.768421052631579,0.7593582887700534,0.7700914240166871,0.0058141988247896684,79
77,24.118121814727782,4.495070131755021,3.062616801261902,0.8141575974709013,3,0.0001,rbf,"{'C': 3, 'gamma': 0.0001, 'kernel': 'rbf'}",0.7659574468085106,0.7593582887700534,0.7765957446808511,0.7789473684210527,0.7830687830687831,0.7765957446808511,0.7724867724867724,0.7659574468085107,0.768421052631579,0.7593582887700534,0.7706746937127018,0.007753435966716427,77
78,22.482404136657713,6.174000546711113,2.976991581916809,0.9569749793337105,3,0.001,rbf,"{'C': 3, 'gamma': 0.001, 'kernel': 'rbf'}",0.7659574468085106,0.7619047619047619,0.7659574468085106,0.7748691099476439,0.7789473684210527,0.7748691099476439,0.7724867724867724,0.768421052631579,0.768421052631579,0.7593582887700534,0.7691192410358108,0.005851051690202435,116
79,23.31566834449768,5.247417662453587,2.917292022705078,0.5974230821992527,3,0.01,rbf,"{'C': 3, 'gamma': 0.01, 'kernel': 'rbf'}",0.7659574468085106,0.7708333333333333,0.7748691099476439,0.7748691099476439,0.7830687830687831,0.7748691099476439,0.768421052631579,0.768421052631579,0.768421052631579,0.7593582887700534,0.7709088339718349,0.006094423000504662,69
80,21.436241149902344,5.913055535233163,2.943276834487915,0.8415519944104443,3,0.03,rbf,"{'C': 3, 'gamma': 0.03, 'kernel': 'rbf'}",0.7659574468085106,0.7708333333333333,0.7748691099476439,0.7748691099476439,0.7830687830687831,0.7748691099476439,0.768421052631579,0.768421052631579,0.768421052631579,0.7593582887700534,0.7709088339718349,0.006094423000504662,69
81,22.68771665096283,4.225351963528285,2.7229652404785156,0.9651766831350863,3,0.1,rbf,"{'C': 3, 'gamma': 0.1, 'kernel': 'rbf'}",0.7619047619047619,0.7708333333333333,0.7748691099476439,0.7748691099476439,0.7789473684210527,0.7748691099476439,0.768421052631579,0.768421052631579,0.768421052631579,0.7593582887700534,0.7700914240166871,0.0058141988247896684,79
82,21.534238624572755,5.6610864367407645,2.7987117528915406,1.1094120362109587,3,0.3,rbf,"{'C': 3, 'gamma': 0.3, 'kernel': 'rbf'}",0.7619047619047619,0.7708333333333333,0.7748691099476439,0.7748691099476439,0.7789473684210527,0.7748691099476439,0.768421052631579,0.768421052631579,0.768421052631579,0.7593582887700534,0.7700914240166871,0.0058141988247896684,79
83,23.67865490913391,4.483906775415314,3.566927766799927,0.8455792247065952,3,1,rbf,"{'C': 3, 'gamma': 1, 'kernel': 'rbf'}",0.7619047619047619,0.7708333333333333,0.7748691099476439,0.7748691099476439,0.7789473684210527,0.7748691099476439,0.768421052631579,0.768421052631579,0.768421052631579,0.7593582887700534,0.7700914240166871,0.0058141988247896684,79
84,21.62465693950653,5.6299460235206675,3.200156593322754,1.0946807042164233,3,3,rbf,"{'C': 3, 'gamma': 3, 'kernel': 'rbf'}",0.7619047619047619,0.7708333333333333,0.7748691099476439,0.7748691099476439,0.7789473684210527,0.7748691099476439,0.768421052631579,0.768421052631579,0.768421052631579,0.7593582887700534,0.7700914240166871,0.0058141988247896684,79
85,22.921862864494322,4.971644805302863,2.7013821363449098,1.015749263636552,3,10,rbf,"{'C': 3, 'gamma': 10, 'kernel': 'rbf'}",0.7619047619047619,0.7708333333333333,0.7748691099476439,0.7748691099476439,0.7789473684210527,0.7748691099476439,0.768421052631579,0.768421052631579,0.768421052631579,0.7593582887700534,0.7700914240166871,0.0058141988247896684,79
86,22.343252825737,5.303003878178454,2.508066701889038,0.5217659410111642,3,100,rbf,"{'C': 3, 'gamma': 100, 'kernel': 'rbf'}",0.7619047619047619,0.7708333333333333,0.7748691099476439,0.7748691099476439,0.7789473684210527,0.7748691099476439,0.768421052631579,0.768421052631579,0.768421052631579,0.7593582887700534,0.7700914240166871,0.0058141988247896684,79
87,23.423776721954347,6.096563687246351,2.853151965141296,0.9608102010592617,3,1000,rbf,"{'C': 3, 'gamma': 1000, 'kernel': 'rbf'}",0.7619047619047619,0.7708333333333333,0.7748691099476439,0.7748691099476439,0.7789473684210527,0.7748691099476439,0.768421052631579,0.768421052631579,0.768421052631579,0.7593582887700534,0.7700914240166871,0.0058141988247896684,79
88,24.69616858959198,5.500864109285036,2.7891788482666016,0.9324372663559153,10,0.0001,rbf,"{'C': 10, 'gamma': 0.0001, 'kernel': 'rbf'}",0.7659574468085106,0.7593582887700534,0.7634408602150536,0.7789473684210527,0.7830687830687831,0.7659574468085106,0.7765957446808511,0.7659574468085107,0.761904761904762,0.7634408602150538,0.7684629007701143,0.007645755921463498,119
89,22.392813801765442,5.386191074780843,3.5321593284606934,0.987426744758055,10,0.001,rbf,"{'C': 10, 'gamma': 0.001, 'kernel': 'rbf'}",0.7659574468085106,0.7619047619047619,0.7659574468085106,0.7748691099476439,0.7789473684210527,0.7748691099476439,0.7724867724867724,0.768421052631579,0.768421052631579,0.7593582887700534,0.7691192410358108,0.005851051690202435,116
90,22.18074724674225,4.994626671334587,3.0114531993865965,0.4659906798701215,10,0.01,rbf,"{'C': 10, 'gamma': 0.01, 'kernel': 'rbf'}",0.7659574468085106,0.7708333333333333,0.7748691099476439,0.7748691099476439,0.7830687830687831,0.7748691099476439,0.768421052631579,0.768421052631579,0.768421052631579,0.7593582887700534,0.7709088339718349,0.006094423000504662,69
91,19.549655151367187,6.218528425920902,2.5328824520111084,1.2307945605441633,10,0.03,rbf,"{'C': 10, 'gamma': 0.03, 'kernel': 'rbf'}",0.7659574468085106,0.7708333333333333,0.7748691099476439,0.7748691099476439,0.7830687830687831,0.7748691099476439,0.768421052631579,0.768421052631579,0.768421052631579,0.7593582887700534,0.7709088339718349,0.006094423000504662,69
92,25.711200857162474,3.0778155350110126,3.6019442081451416,0.9701819259900762,10,0.1,rbf,"{'C': 10, 'gamma': 0.1, 'kernel': 'rbf'}",0.7619047619047619,0.7708333333333333,0.7748691099476439,0.7748691099476439,0.7789473684210527,0.7748691099476439,0.768421052631579,0.768421052631579,0.768421052631579,0.7593582887700534,0.7700914240166871,0.0058141988247896684,79
93,21.114342069625856,5.453063968228615,3.0155117988586424,0.8677339850280223,10,0.3,rbf,"{'C': 10, 'gamma': 0.3, 'kernel': 'rbf'}",0.7619047619047619,0.7708333333333333,0.7748691099476439,0.7748691099476439,0.7789473684210527,0.7748691099476439,0.768421052631579,0.768421052631579,0.768421052631579,0.7593582887700534,0.7700914240166871,0.0058141988247896684,79
94,18.65013611316681,4.5199984670645845,2.75933256149292,0.8925992881221569,10,1,rbf,"{'C': 10, 'gamma': 1, 'kernel': 'rbf'}",0.7619047619047619,0.7708333333333333,0.7748691099476439,0.7748691099476439,0.7789473684210527,0.7748691099476439,0.768421052631579,0.768421052631579,0.768421052631579,0.7593582887700534,0.7700914240166871,0.0058141988247896684,79
95,25.99455268383026,2.704553244695819,3.008792686462402,0.9027260465737367,10,3,rbf,"{'C': 10, 'gamma': 3, 'kernel': 'rbf'}",0.7619047619047619,0.7708333333333333,0.7748691099476439,0.7748691099476439,0.7789473684210527,0.7748691099476439,0.768421052631579,0.768421052631579,0.768421052631579,0.7593582887700534,0.7700914240166871,0.0058141988247896684,79
96,23.77582976818085,4.39149288392755,2.8945592403411866,1.0679736938244844,10,10,rbf,"{'C': 10, 'gamma': 10, 'kernel': 'rbf'}",0.7619047619047619,0.7708333333333333,0.7748691099476439,0.7748691099476439,0.7789473684210527,0.7748691099476439,0.768421052631579,0.768421052631579,0.768421052631579,0.7593582887700534,0.7700914240166871,0.0058141988247896684,79
97,24.040512204170227,4.782782631820509,3.294796681404114,1.3427554647780675,10,100,rbf,"{'C': 10, 'gamma': 100, 'kernel': 'rbf'}",0.7619047619047619,0.7708333333333333,0.7748691099476439,0.7748691099476439,0.7789473684210527,0.7748691099476439,0.768421052631579,0.768421052631579,0.768421052631579,0.7593582887700534,0.7700914240166871,0.0058141988247896684,79
98,21.905145502090456,5.035811858057203,3.253691625595093,0.581222261291002,10,1000,rbf,"{'C': 10, 'gamma': 1000, 'kernel': 'rbf'}",0.7619047619047619,0.7708333333333333,0.7748691099476439,0.7748691099476439,0.7789473684210527,0.7748691099476439,0.768421052631579,0.768421052631579,0.768421052631579,0.7593582887700534,0.7700914240166871,0.0058141988247896684,79
99,22.953486824035643,5.843710050447597,3.572695732116699,1.1879016632700987,100,0.0001,rbf,"{'C': 100, 'gamma': 0.0001, 'kernel': 'rbf'}",0.7700534759358288,0.7593582887700534,0.7634408602150536,0.7789473684210527,0.7830687830687831,0.7724867724867726,0.7724867724867724,0.7593582887700534,0.761904761904762,0.7634408602150538,0.7684546232274185,0.007857525554555581,120
100,20.963204741477966,6.312399908420522,2.7010113477706907,1.079789736624253,100,0.001,rbf,"{'C': 100, 'gamma': 0.001, 'kernel': 'rbf'}",0.7700534759358288,0.7619047619047619,0.7789473684210527,0.7748691099476439,0.7830687830687831,0.7748691099476439,0.7724867724867724,0.768421052631579,0.768421052631579,0.7593582887700534,0.7712399775745699,0.006876346824095102,1
101,23.248974132537843,4.9519836122756,3.111615300178528,1.074326175344643,100,0.01,rbf,"{'C': 100, 'gamma': 0.01, 'kernel': 'rbf'}",0.7659574468085106,0.7708333333333333,0.7748691099476439,0.7748691099476439,0.7830687830687831,0.7748691099476439,0.768421052631579,0.768421052631579,0.768421052631579,0.7593582887700534,0.7709088339718349,0.006094423000504662,69
102,21.492312240600587,4.811614120371364,2.4412701606750487,0.9480578351216841,100,0.03,rbf,"{'C': 100, 'gamma': 0.03, 'kernel': 'rbf'}",0.7659574468085106,0.7708333333333333,0.7748691099476439,0.7748691099476439,0.7830687830687831,0.7748691099476439,0.768421052631579,0.768421052631579,0.768421052631579,0.7593582887700534,0.7709088339718349,0.006094423000504662,69
103,24.49877014160156,5.025019273583533,3.5571588039398194,0.8066120312705983,100,0.1,rbf,"{'C': 100, 'gamma': 0.1, 'kernel': 'rbf'}",0.7619047619047619,0.7708333333333333,0.7748691099476439,0.7748691099476439,0.7789473684210527,0.7748691099476439,0.768421052631579,0.768421052631579,0.768421052631579,0.7593582887700534,0.7700914240166871,0.0058141988247896684,79
104,23.38627619743347,5.213527388456716,3.158972430229187,0.9963370470815719,100,0.3,rbf,"{'C': 100, 'gamma': 0.3, 'kernel': 'rbf'}",0.7619047619047619,0.7708333333333333,0.7748691099476439,0.7748691099476439,0.7789473684210527,0.7748691099476439,0.768421052631579,0.768421052631579,0.768421052631579,0.7593582887700534,0.7700914240166871,0.0058141988247896684,79
105,22.143979144096374,5.010662176378177,3.183546543121338,0.9275011435409841,100,1,rbf,"{'C': 100, 'gamma': 1, 'kernel': 'rbf'}",0.7619047619047619,0.7708333333333333,0.7748691099476439,0.7748691099476439,0.7789473684210527,0.7748691099476439,0.768421052631579,0.768421052631579,0.768421052631579,0.7593582887700534,0.7700914240166871,0.0058141988247896684,79
106,22.21567738056183,6.83465173377565,2.874701976776123,0.9439357406192397,100,3,rbf,"{'C': 100, 'gamma': 3, 'kernel': 'rbf'}",0.7619047619047619,0.7708333333333333,0.7748691099476439,0.7748691099476439,0.7789473684210527,0.7748691099476439,0.768421052631579,0.768421052631579,0.768421052631579,0.7593582887700534,0.7700914240166871,0.0058141988247896684,79
107,22.966319942474364,3.484351354934503,2.7939387559890747,0.7803455435275829,100,10,rbf,"{'C': 100, 'gamma': 10, 'kernel': 'rbf'}",0.7619047619047619,0.7708333333333333,0.7748691099476439,0.7748691099476439,0.7789473684210527,0.7748691099476439,0.768421052631579,0.768421052631579,0.768421052631579,0.7593582887700534,0.7700914240166871,0.0058141988247896684,79
108,21.826616072654723,5.100580422052711,2.2410875797271728,0.700992497658994,100,100,rbf,"{'C': 100, 'gamma': 100, 'kernel': 'rbf'}",0.7619047619047619,0.7708333333333333,0.7748691099476439,0.7748691099476439,0.7789473684210527,0.7748691099476439,0.768421052631579,0.768421052631579,0.768421052631579,0.7593582887700534,0.7700914240166871,0.0058141988247896684,79
109,24.199839878082276,5.778201435025539,2.761532163619995,0.9684489338144144,100,1000,rbf,"{'C': 100, 'gamma': 1000, 'kernel': 'rbf'}",0.7619047619047619,0.7708333333333333,0.7748691099476439,0.7748691099476439,0.7789473684210527,0.7748691099476439,0.768421052631579,0.768421052631579,0.768421052631579,0.7593582887700534,0.7700914240166871,0.0058141988247896684,79
110,23.186572480201722,5.0182756803105075,3.0097341537475586,0.5373834599365036,1000,0.0001,rbf,"{'C': 1000, 'gamma': 0.0001, 'kernel': 'rbf'}",0.7700534759358288,0.7553191489361701,0.7634408602150536,0.7748691099476439,0.7830687830687831,0.7724867724867726,0.7724867724867724,0.7593582887700534,0.761904761904762,0.7634408602150538,0.7676428833966894,0.00794772411044968,121
111,22.945898628234865,6.0255222241466395,2.421031880378723,1.0213883699493926,1000,0.001,rbf,"{'C': 1000, 'gamma': 0.001, 'kernel': 'rbf'}",0.7700534759358288,0.7619047619047619,0.7789473684210527,0.7748691099476439,0.7830687830687831,0.7748691099476439,0.7724867724867724,0.768421052631579,0.768421052631579,0.7593582887700534,0.7712399775745699,0.006876346824095102,1
112,20.41750316619873,6.955289513591728,2.307979202270508,0.8403482728025181,1000,0.01,rbf,"{'C': 1000, 'gamma': 0.01, 'kernel': 'rbf'}",0.7659574468085106,0.7708333333333333,0.7748691099476439,0.7748691099476439,0.7830687830687831,0.7748691099476439,0.768421052631579,0.768421052631579,0.768421052631579,0.7593582887700534,0.7709088339718349,0.006094423000504662,69
113,21.918350672721864,6.425590688954406,2.182609534263611,0.5581968058271481,1000,0.03,rbf,"{'C': 1000, 'gamma': 0.03, 'kernel': 'rbf'}",0.7659574468085106,0.7708333333333333,0.7748691099476439,0.7748691099476439,0.7830687830687831,0.7748691099476439,0.768421052631579,0.768421052631579,0.768421052631579,0.7593582887700534,0.7709088339718349,0.006094423000504662,69
114,22.24219765663147,3.3245017120916964,1.7526044607162476,0.5133360239082577,1000,0.1,rbf,"{'C': 1000, 'gamma': 0.1, 'kernel': 'rbf'}",0.7619047619047619,0.7708333333333333,0.7748691099476439,0.7748691099476439,0.7789473684210527,0.7748691099476439,0.768421052631579,0.768421052631579,0.768421052631579,0.7593582887700534,0.7700914240166871,0.0058141988247896684,79
115,20.49623861312866,4.758496800954149,1.681320881843567,0.4885707528310096,1000,0.3,rbf,"{'C': 1000, 'gamma': 0.3, 'kernel': 'rbf'}",0.7619047619047619,0.7708333333333333,0.7748691099476439,0.7748691099476439,0.7789473684210527,0.7748691099476439,0.768421052631579,0.768421052631579,0.768421052631579,0.7593582887700534,0.7700914240166871,0.0058141988247896684,79
116,22.193890285491943,2.760316307266878,1.8036362171173095,0.34936873200167506,1000,1,rbf,"{'C': 1000, 'gamma': 1, 'kernel': 'rbf'}",0.7619047619047619,0.7708333333333333,0.7748691099476439,0.7748691099476439,0.7789473684210527,0.7748691099476439,0.768421052631579,0.768421052631579,0.768421052631579,0.7593582887700534,0.7700914240166871,0.0058141988247896684,79
117,21.0473042011261,3.0239113523665724,1.8269259929656982,0.3496370309577978,1000,3,rbf,"{'C': 1000, 'gamma': 3, 'kernel': 'rbf'}",0.7619047619047619,0.7708333333333333,0.7748691099476439,0.7748691099476439,0.7789473684210527,0.7748691099476439,0.768421052631579,0.768421052631579,0.768421052631579,0.7593582887700534,0.7700914240166871,0.0058141988247896684,79
118,17.371121096611024,2.7590518152920867,1.7751256227493286,0.5403226335563917,1000,10,rbf,"{'C': 1000, 'gamma': 10, 'kernel': 'rbf'}",0.7619047619047619,0.7708333333333333,0.7748691099476439,0.7748691099476439,0.7789473684210527,0.7748691099476439,0.768421052631579,0.768421052631579,0.768421052631579,0.7593582887700534,0.7700914240166871,0.0058141988247896684,79
119,17.773216938972475,3.8363067056783184,1.4468502521514892,0.1838424923405246,1000,100,rbf,"{'C': 1000, 'gamma': 100, 'kernel': 'rbf'}",0.7619047619047619,0.7708333333333333,0.7748691099476439,0.7748691099476439,0.7789473684210527,0.7748691099476439,0.768421052631579,0.768421052631579,0.768421052631579,0.7593582887700534,0.7700914240166871,0.0058141988247896684,79
120,17.399932146072388,2.924790297608596,1.3756508827209473,0.09896580804180735,1000,1000,rbf,"{'C': 1000, 'gamma': 1000, 'kernel': 'rbf'}",0.7619047619047619,0.7708333333333333,0.7748691099476439,0.7748691099476439,0.7789473684210527,0.7748691099476439,0.768421052631579,0.768421052631579,0.768421052631579,0.7593582887700534,0.7700914240166871,0.0058141988247896684,79
