,mean_fit_time,std_fit_time,mean_score_time,std_score_time,param_gamma,param_C,params,split0_test_score,split1_test_score,split2_test_score,split3_test_score,split4_test_score,split5_test_score,split6_test_score,split7_test_score,split8_test_score,split9_test_score,mean_test_score,std_test_score,rank_test_score
76,18.357857847213744,6.346462612641659,2.554331636428833,1.1046168239635927,50,0.5,"{'gamma': 50, 'C': 0.5}",0.7724867724867726,0.7765957446808511,0.7748691099476439,0.7914438502673796,0.7934782608695653,0.7789473684210527,0.7526881720430106,0.7765957446808511,0.7700534759358288,0.7700534759358288,0.7757211975268783,0.010864653282238677,1
95,17.047366666793824,4.365489559389881,1.2905107498168946,0.31480598846110475,1000,0.5,"{'gamma': 1000, 'C': 0.5}",0.7724867724867726,0.7765957446808511,0.7748691099476439,0.7914438502673796,0.7934782608695653,0.7789473684210527,0.7526881720430106,0.7765957446808511,0.7700534759358288,0.7700534759358288,0.7757211975268783,0.010864653282238677,1
71,20.237420916557312,6.5059644327428705,2.5215336561203,0.9182615001449462,0.3,0.5,"{'gamma': 0.3, 'C': 0.5}",0.7724867724867726,0.7765957446808511,0.7748691099476439,0.7914438502673796,0.7934782608695653,0.7789473684210527,0.7526881720430106,0.7765957446808511,0.7700534759358288,0.7700534759358288,0.7757211975268783,0.010864653282238677,1
73,21.822659039497374,6.448856886157052,2.763492465019226,1.1274596433955324,0.03,0.5,"{'gamma': 0.03, 'C': 0.5}",0.7724867724867726,0.7765957446808511,0.7748691099476439,0.7914438502673796,0.7934782608695653,0.7789473684210527,0.7526881720430106,0.7765957446808511,0.7700534759358288,0.7700534759358288,0.7757211975268783,0.010864653282238677,1
58,23.786934781074525,6.105559960070612,3.1371126890182497,0.9508639408683774,5,0.5,"{'gamma': 5, 'C': 0.5}",0.7724867724867726,0.7765957446808511,0.7748691099476439,0.7914438502673796,0.7934782608695653,0.7789473684210527,0.7526881720430106,0.7765957446808511,0.7700534759358288,0.7700534759358288,0.7757211975268783,0.010864653282238677,1
97,16.569555282592773,3.6716535652312827,1.3948787450790405,0.2806848084028005,0.001,0.3,"{'gamma': 0.001, 'C': 0.3}",0.7643979057591623,0.7748691099476439,0.7748691099476439,0.7914438502673796,0.7891891891891892,0.7789473684210527,0.7659574468085107,0.7724867724867724,0.7765957446808511,0.7593582887700534,0.774811478627826,0.009667946496445557,6
48,20.42499601840973,6.00395728396837,2.8060247182846068,0.9330210102325013,500,0.3,"{'gamma': 500, 'C': 0.3}",0.7708333333333333,0.7748691099476439,0.7748691099476439,0.7830687830687831,0.7849462365591399,0.7789473684210527,0.7593582887700534,0.7724867724867724,0.7765957446808511,0.7659574468085107,0.7741932194023784,0.007251169820038503,7
11,26.77086458206177,4.275323155406574,2.8879681825637817,0.7861457306105228,10,0.3,"{'gamma': 10, 'C': 0.3}",0.7708333333333333,0.7748691099476439,0.7748691099476439,0.7830687830687831,0.7849462365591399,0.7789473684210527,0.7593582887700534,0.7724867724867724,0.7765957446808511,0.7659574468085107,0.7741932194023784,0.007251169820038503,7
88,21.36103045940399,4.861724267156131,2.363795208930969,0.8381288765445155,0.005,0.3,"{'gamma': 0.005, 'C': 0.3}",0.7708333333333333,0.7748691099476439,0.7748691099476439,0.7830687830687831,0.7849462365591399,0.7789473684210527,0.7593582887700534,0.7724867724867724,0.7765957446808511,0.7659574468085107,0.7741932194023784,0.007251169820038503,7
55,20.36902587413788,5.366872488661714,2.7131969213485716,1.0664250806079218,1,0.3,"{'gamma': 1, 'C': 0.3}",0.7708333333333333,0.7748691099476439,0.7748691099476439,0.7830687830687831,0.7849462365591399,0.7789473684210527,0.7593582887700534,0.7724867724867724,0.7765957446808511,0.7659574468085107,0.7741932194023784,0.007251169820038503,7
49,22.538479065895082,5.379183964870162,3.224825119972229,0.884713624370614,100,500,"{'gamma': 100, 'C': 500}",0.7582417582417582,0.7865168539325843,0.7802197802197803,0.7909604519774011,0.7640449438202248,0.7868852459016393,0.7472527472527473,0.7752808988764044,0.7796610169491525,0.7570621468926555,0.7726125844064348,0.01418877764424414,11
39,22.169662857055663,5.312189193963586,2.8673044443130493,0.5963105434767033,5,5,"{'gamma': 5, 'C': 5}",0.7582417582417582,0.7865168539325843,0.7802197802197803,0.7909604519774011,0.7640449438202248,0.7868852459016393,0.7472527472527473,0.7752808988764044,0.7796610169491525,0.7570621468926555,0.7726125844064348,0.01418877764424414,11
6,26.750554251670838,5.587698440775019,3.0158451557159425,0.8171697000571123,1000,500,"{'gamma': 1000, 'C': 500}",0.7582417582417582,0.7865168539325843,0.7802197802197803,0.7909604519774011,0.7640449438202248,0.7868852459016393,0.7472527472527473,0.7752808988764044,0.7796610169491525,0.7570621468926555,0.7726125844064348,0.01418877764424414,11
33,22.83477427959442,4.5454031012731955,2.519528937339783,0.9647324838026796,5,50,"{'gamma': 5, 'C': 50}",0.7582417582417582,0.7865168539325843,0.7802197802197803,0.7909604519774011,0.7640449438202248,0.7868852459016393,0.7472527472527473,0.7752808988764044,0.7796610169491525,0.7570621468926555,0.7726125844064348,0.01418877764424414,11
70,18.75618724822998,6.501122692406775,2.8780807495117187,1.0679337694668696,100,1000,"{'gamma': 100, 'C': 1000}",0.7582417582417582,0.7865168539325843,0.7802197802197803,0.7909604519774011,0.7640449438202248,0.7868852459016393,0.7472527472527473,0.7752808988764044,0.7796610169491525,0.7570621468926555,0.7726125844064348,0.01418877764424414,11
69,19.581306672096254,5.95266343336516,2.7863110065460206,0.7962700102790898,50,10,"{'gamma': 50, 'C': 10}",0.7582417582417582,0.7865168539325843,0.7802197802197803,0.7909604519774011,0.7640449438202248,0.7868852459016393,0.7472527472527473,0.7752808988764044,0.7796610169491525,0.7570621468926555,0.7726125844064348,0.01418877764424414,11
37,22.359310579299926,6.036595332015911,2.9690547943115235,1.1834687035770535,0.05,500,"{'gamma': 0.05, 'C': 500}",0.7582417582417582,0.7865168539325843,0.7802197802197803,0.7909604519774011,0.7640449438202248,0.7868852459016393,0.7472527472527473,0.7752808988764044,0.7796610169491525,0.7570621468926555,0.7726125844064348,0.01418877764424414,11
68,20.47142596244812,5.489188601431629,2.7012999057769775,0.7393068121627131,0.2,3,"{'gamma': 0.2, 'C': 3}",0.7582417582417582,0.7865168539325843,0.7802197802197803,0.7909604519774011,0.7640449438202248,0.7868852459016393,0.7472527472527473,0.7752808988764044,0.7796610169491525,0.7570621468926555,0.7726125844064348,0.01418877764424414,11
41,23.206303215026857,7.354034348446809,3.2403722286224363,1.0458299254212167,0.3,1000,"{'gamma': 0.3, 'C': 1000}",0.7582417582417582,0.7865168539325843,0.7802197802197803,0.7909604519774011,0.7640449438202248,0.7868852459016393,0.7472527472527473,0.7752808988764044,0.7796610169491525,0.7570621468926555,0.7726125844064348,0.01418877764424414,11
1,27.37739872932434,3.721391765407268,3.0180726766586305,0.6077401981835571,50,1000,"{'gamma': 50, 'C': 1000}",0.7582417582417582,0.7865168539325843,0.7802197802197803,0.7909604519774011,0.7640449438202248,0.7868852459016393,0.7472527472527473,0.7752808988764044,0.7796610169491525,0.7570621468926555,0.7726125844064348,0.01418877764424414,11
66,18.728895354270936,6.006934106097288,2.613672304153442,1.072885741026231,3,50,"{'gamma': 3, 'C': 50}",0.7582417582417582,0.7865168539325843,0.7802197802197803,0.7909604519774011,0.7640449438202248,0.7868852459016393,0.7472527472527473,0.7752808988764044,0.7796610169491525,0.7570621468926555,0.7726125844064348,0.01418877764424414,11
57,17.31353509426117,5.682062891379095,2.3003931999206544,0.9072212418610053,1,1000,"{'gamma': 1, 'C': 1000}",0.7582417582417582,0.7865168539325843,0.7802197802197803,0.7909604519774011,0.7640449438202248,0.7868852459016393,0.7472527472527473,0.7752808988764044,0.7796610169491525,0.7570621468926555,0.7726125844064348,0.01418877764424414,11
43,21.44834620952606,6.181706093387179,2.5076889753341676,0.9003176883480402,500,10,"{'gamma': 500, 'C': 10}",0.7582417582417582,0.7865168539325843,0.7802197802197803,0.7909604519774011,0.7640449438202248,0.7868852459016393,0.7472527472527473,0.7752808988764044,0.7796610169491525,0.7570621468926555,0.7726125844064348,0.01418877764424414,11
65,23.136610007286073,5.156218812014351,2.67907772064209,0.9614952156520264,0.2,10,"{'gamma': 0.2, 'C': 10}",0.7582417582417582,0.7865168539325843,0.7802197802197803,0.7909604519774011,0.7640449438202248,0.7868852459016393,0.7472527472527473,0.7752808988764044,0.7796610169491525,0.7570621468926555,0.7726125844064348,0.01418877764424414,11
63,19.301614475250243,7.009459779555544,2.918656849861145,1.0390927066054223,1000,3,"{'gamma': 1000, 'C': 3}",0.7582417582417582,0.7865168539325843,0.7802197802197803,0.7909604519774011,0.7640449438202248,0.7868852459016393,0.7472527472527473,0.7752808988764044,0.7796610169491525,0.7570621468926555,0.7726125844064348,0.01418877764424414,11
47,23.38719472885132,5.274641640247476,3.3901546955108643,1.1191265920689626,500,100,"{'gamma': 500, 'C': 100}",0.7582417582417582,0.7865168539325843,0.7802197802197803,0.7909604519774011,0.7640449438202248,0.7868852459016393,0.7472527472527473,0.7752808988764044,0.7796610169491525,0.7570621468926555,0.7726125844064348,0.01418877764424414,11
30,16.608468294143677,6.921446184378086,1.923534631729126,0.8972428607384157,0.05,100,"{'gamma': 0.05, 'C': 100}",0.7582417582417582,0.7865168539325843,0.7802197802197803,0.7909604519774011,0.7640449438202248,0.7868852459016393,0.7472527472527473,0.7752808988764044,0.7796610169491525,0.7570621468926555,0.7726125844064348,0.01418877764424414,11
4,23.411759877204894,5.474350214480912,2.6011444330215454,0.979116644822439,3,500,"{'gamma': 3, 'C': 500}",0.7582417582417582,0.7865168539325843,0.7802197802197803,0.7909604519774011,0.7640449438202248,0.7868852459016393,0.7472527472527473,0.7752808988764044,0.7796610169491525,0.7570621468926555,0.7726125844064348,0.01418877764424414,11
87,22.79659237861633,5.333957163952317,2.6421438694000243,0.9022841806526539,1000,10,"{'gamma': 1000, 'C': 10}",0.7582417582417582,0.7865168539325843,0.7802197802197803,0.7909604519774011,0.7640449438202248,0.7868852459016393,0.7472527472527473,0.7752808988764044,0.7796610169491525,0.7570621468926555,0.7726125844064348,0.01418877764424414,11
23,24.092951035499574,5.405922661236882,3.0578276395797728,0.874853218481187,0.05,5,"{'gamma': 0.05, 'C': 5}",0.7582417582417582,0.7865168539325843,0.7802197802197803,0.7909604519774011,0.7640449438202248,0.7868852459016393,0.7472527472527473,0.7752808988764044,0.7796610169491525,0.7570621468926555,0.7726125844064348,0.01418877764424414,11
7,27.307244396209718,3.703277998328491,2.8551798343658445,0.8976275931992879,1,10,"{'gamma': 1, 'C': 10}",0.7582417582417582,0.7865168539325843,0.7802197802197803,0.7909604519774011,0.7640449438202248,0.7868852459016393,0.7472527472527473,0.7752808988764044,0.7796610169491525,0.7570621468926555,0.7726125844064348,0.01418877764424414,11
10,25.662086176872254,6.7411667963201864,3.134546089172363,0.7725587891944145,0.3,10,"{'gamma': 0.3, 'C': 10}",0.7582417582417582,0.7865168539325843,0.7802197802197803,0.7909604519774011,0.7640449438202248,0.7868852459016393,0.7472527472527473,0.7752808988764044,0.7796610169491525,0.7570621468926555,0.7726125844064348,0.01418877764424414,11
89,20.00876364707947,6.618373318540777,2.269138550758362,0.5576415130309231,10,10,"{'gamma': 10, 'C': 10}",0.7582417582417582,0.7865168539325843,0.7802197802197803,0.7909604519774011,0.7640449438202248,0.7868852459016393,0.7472527472527473,0.7752808988764044,0.7796610169491525,0.7570621468926555,0.7726125844064348,0.01418877764424414,11
19,21.140938377380373,4.5138817446051736,2.834889221191406,0.8388090027034668,500,5,"{'gamma': 500, 'C': 5}",0.7582417582417582,0.7865168539325843,0.7802197802197803,0.7909604519774011,0.7640449438202248,0.7868852459016393,0.7472527472527473,0.7752808988764044,0.7796610169491525,0.7570621468926555,0.7726125844064348,0.01418877764424414,11
83,21.576937747001647,7.46151219303682,2.6790252208709715,0.8538546246586899,500,1,"{'gamma': 500, 'C': 1}",0.7582417582417582,0.7865168539325843,0.7802197802197803,0.7909604519774011,0.7640449438202248,0.7868852459016393,0.7472527472527473,0.7752808988764044,0.7796610169491525,0.7570621468926555,0.7726125844064348,0.01418877764424414,11
99,15.240153551101685,2.899230256858366,1.2076238632202148,0.09659689424039221,0.2,5,"{'gamma': 0.2, 'C': 5}",0.7582417582417582,0.7865168539325843,0.7802197802197803,0.7909604519774011,0.7640449438202248,0.7868852459016393,0.7472527472527473,0.7752808988764044,0.7796610169491525,0.7570621468926555,0.7726125844064348,0.01418877764424414,11
78,22.829228401184082,5.400217676834684,2.9345029830932616,1.2244292637598246,0.1,5,"{'gamma': 0.1, 'C': 5}",0.7582417582417582,0.7865168539325843,0.7802197802197803,0.7909604519774011,0.7640449438202248,0.7868852459016393,0.7472527472527473,0.7752808988764044,0.7796610169491525,0.7570621468926555,0.7726125844064348,0.01418877764424414,11
79,21.947047567367555,6.726986036891578,2.670815849304199,0.8551948053321192,10,1,"{'gamma': 10, 'C': 1}",0.7582417582417582,0.7865168539325843,0.7802197802197803,0.7909604519774011,0.7640449438202248,0.7868852459016393,0.7472527472527473,0.7752808988764044,0.7796610169491525,0.7570621468926555,0.7726125844064348,0.01418877764424414,11
86,22.867743587493898,5.098656034131173,2.668674087524414,0.8738478690259847,0.03,10,"{'gamma': 0.03, 'C': 10}",0.7582417582417582,0.7840909090909092,0.7802197802197803,0.7909604519774011,0.7640449438202248,0.7868852459016393,0.7472527472527473,0.7752808988764044,0.7796610169491525,0.7570621468926555,0.7723699899222674,0.013967994902801695,39
60,21.728176188468932,5.522814946345233,2.9127606630325316,0.8197927383742759,0.01,10,"{'gamma': 0.01, 'C': 10}",0.7582417582417582,0.7840909090909092,0.770949720670391,0.7909604519774011,0.7683615819209041,0.7868852459016393,0.7472527472527473,0.7752808988764044,0.7727272727272727,0.7570621468926555,0.7711812733552083,0.013308064548656476,40
98,13.359609150886536,2.94865018878,0.8319165706634521,0.3588359180229185,0.03,0.0001,"{'gamma': 0.03, 'C': 0.0001}",0.7708333333333333,0.7708333333333333,0.7708333333333333,0.7748691099476439,0.7748691099476439,0.7748691099476439,0.768421052631579,0.768421052631579,0.768421052631579,0.768421052631579,0.7710791540369247,0.0026745951692720158,41
92,16.449687552452087,5.43758053210444,1.7609492540359497,0.8909516794120268,0.001,0.001,"{'gamma': 0.001, 'C': 0.001}",0.7708333333333333,0.7708333333333333,0.7708333333333333,0.7748691099476439,0.7748691099476439,0.7748691099476439,0.768421052631579,0.768421052631579,0.768421052631579,0.768421052631579,0.7710791540369247,0.0026745951692720158,41
59,17.009825897216796,5.608045191510405,2.225012111663818,0.7910509830018091,5,0.0005,"{'gamma': 5, 'C': 0.0005}",0.7708333333333333,0.7708333333333333,0.7708333333333333,0.7748691099476439,0.7748691099476439,0.7748691099476439,0.768421052631579,0.768421052631579,0.768421052631579,0.768421052631579,0.7710791540369247,0.0026745951692720158,41
61,20.87258675098419,5.018439999992393,2.4023314476013184,0.7918077090252823,0.0001,0.005,"{'gamma': 0.0001, 'C': 0.005}",0.7708333333333333,0.7708333333333333,0.7708333333333333,0.7748691099476439,0.7748691099476439,0.7748691099476439,0.768421052631579,0.768421052631579,0.768421052631579,0.768421052631579,0.7710791540369247,0.0026745951692720158,41
62,18.141020607948303,4.828779093108667,2.31961874961853,0.99817076810093,50,0.0005,"{'gamma': 50, 'C': 0.0005}",0.7708333333333333,0.7708333333333333,0.7708333333333333,0.7748691099476439,0.7748691099476439,0.7748691099476439,0.768421052631579,0.768421052631579,0.768421052631579,0.768421052631579,0.7710791540369247,0.0026745951692720158,41
94,16.507314848899842,5.620028754431863,1.3355267524719239,0.2832168637301784,1,0.01,"{'gamma': 1, 'C': 0.01}",0.7708333333333333,0.7708333333333333,0.7708333333333333,0.7748691099476439,0.7748691099476439,0.7748691099476439,0.768421052631579,0.768421052631579,0.768421052631579,0.768421052631579,0.7710791540369247,0.0026745951692720158,41
93,18.272778367996217,3.9802402766155134,1.3139142990112305,0.31328285837400505,1,0.001,"{'gamma': 1, 'C': 0.001}",0.7708333333333333,0.7708333333333333,0.7708333333333333,0.7748691099476439,0.7748691099476439,0.7748691099476439,0.768421052631579,0.768421052631579,0.768421052631579,0.768421052631579,0.7710791540369247,0.0026745951692720158,41
91,17.446156334877013,5.279596985426741,1.698070478439331,0.6073816426238939,50,0.005,"{'gamma': 50, 'C': 0.005}",0.7708333333333333,0.7708333333333333,0.7708333333333333,0.7748691099476439,0.7748691099476439,0.7748691099476439,0.768421052631579,0.768421052631579,0.768421052631579,0.768421052631579,0.7710791540369247,0.0026745951692720158,41
84,20.306357741355896,6.418576125566224,2.730664300918579,0.9873230897100517,1000,0.03,"{'gamma': 1000, 'C': 0.03}",0.7708333333333333,0.7708333333333333,0.7708333333333333,0.7748691099476439,0.7748691099476439,0.7748691099476439,0.768421052631579,0.768421052631579,0.768421052631579,0.768421052631579,0.7710791540369247,0.0026745951692720158,41
64,17.572260904312134,5.478130465787465,2.042766284942627,0.7535084859482073,0.001,0.0005,"{'gamma': 0.001, 'C': 0.0005}",0.7708333333333333,0.7708333333333333,0.7708333333333333,0.7748691099476439,0.7748691099476439,0.7748691099476439,0.768421052631579,0.768421052631579,0.768421052631579,0.768421052631579,0.7710791540369247,0.0026745951692720158,41
90,17.667697834968568,6.099528266407074,2.3248322010040283,0.9104517351958948,5,0.1,"{'gamma': 5, 'C': 0.1}",0.7708333333333333,0.7708333333333333,0.7708333333333333,0.7748691099476439,0.7748691099476439,0.7748691099476439,0.768421052631579,0.768421052631579,0.768421052631579,0.768421052631579,0.7710791540369247,0.0026745951692720158,41
72,17.976821517944337,4.2957958296974805,2.35588481426239,0.9145750292133416,10,0.0005,"{'gamma': 10, 'C': 0.0005}",0.7708333333333333,0.7708333333333333,0.7708333333333333,0.7748691099476439,0.7748691099476439,0.7748691099476439,0.768421052631579,0.768421052631579,0.768421052631579,0.768421052631579,0.7710791540369247,0.0026745951692720158,41
74,19.88470811843872,1.877494138452677,2.744940423965454,0.3380428161316767,0.0001,0.0001,"{'gamma': 0.0001, 'C': 0.0001}",0.7708333333333333,0.7708333333333333,0.7708333333333333,0.7748691099476439,0.7748691099476439,0.7748691099476439,0.768421052631579,0.768421052631579,0.768421052631579,0.768421052631579,0.7710791540369247,0.0026745951692720158,41
67,21.369211196899414,6.893741107904651,2.5535574197769164,1.0421882732962238,3,0.001,"{'gamma': 3, 'C': 0.001}",0.7708333333333333,0.7708333333333333,0.7708333333333333,0.7748691099476439,0.7748691099476439,0.7748691099476439,0.768421052631579,0.768421052631579,0.768421052631579,0.768421052631579,0.7710791540369247,0.0026745951692720158,41
82,22.533166337013245,5.435246861243985,3.2050992488861083,1.3270462091560584,0.05,0.01,"{'gamma': 0.05, 'C': 0.01}",0.7708333333333333,0.7708333333333333,0.7708333333333333,0.7748691099476439,0.7748691099476439,0.7748691099476439,0.768421052631579,0.768421052631579,0.768421052631579,0.768421052631579,0.7710791540369247,0.0026745951692720158,41
85,20.46846306324005,5.327957249750794,3.009972023963928,0.5648497556130396,500,0.001,"{'gamma': 500, 'C': 0.001}",0.7708333333333333,0.7708333333333333,0.7708333333333333,0.7748691099476439,0.7748691099476439,0.7748691099476439,0.768421052631579,0.768421052631579,0.768421052631579,0.768421052631579,0.7710791540369247,0.0026745951692720158,41
77,21.120481252670288,7.214326394002773,2.499997591972351,1.1799116531452978,50,0.05,"{'gamma': 50, 'C': 0.05}",0.7708333333333333,0.7708333333333333,0.7708333333333333,0.7748691099476439,0.7748691099476439,0.7748691099476439,0.768421052631579,0.768421052631579,0.768421052631579,0.768421052631579,0.7710791540369247,0.0026745951692720158,41
0,21.810705399513246,3.997478045182684,2.4393561124801635,0.7255104621210409,0.05,0.0001,"{'gamma': 0.05, 'C': 0.0001}",0.7708333333333333,0.7708333333333333,0.7708333333333333,0.7748691099476439,0.7748691099476439,0.7748691099476439,0.768421052631579,0.768421052631579,0.768421052631579,0.768421052631579,0.7710791540369247,0.0026745951692720158,41
56,21.815460109710692,6.215445804874847,2.8450167179107666,0.9853381208037651,0.1,0.001,"{'gamma': 0.1, 'C': 0.001}",0.7708333333333333,0.7708333333333333,0.7708333333333333,0.7748691099476439,0.7748691099476439,0.7748691099476439,0.768421052631579,0.768421052631579,0.768421052631579,0.768421052631579,0.7710791540369247,0.0026745951692720158,41
27,21.498266530036926,8.27968856650234,2.859983229637146,1.4031709583686827,0.1,0.005,"{'gamma': 0.1, 'C': 0.005}",0.7708333333333333,0.7708333333333333,0.7708333333333333,0.7748691099476439,0.7748691099476439,0.7748691099476439,0.768421052631579,0.768421052631579,0.768421052631579,0.768421052631579,0.7710791540369247,0.0026745951692720158,41
22,21.394980835914613,5.608177067160566,2.673902153968811,1.194466681371323,10,0.1,"{'gamma': 10, 'C': 0.1}",0.7708333333333333,0.7708333333333333,0.7708333333333333,0.7748691099476439,0.7748691099476439,0.7748691099476439,0.768421052631579,0.768421052631579,0.768421052631579,0.768421052631579,0.7710791540369247,0.0026745951692720158,41
21,21.415664887428285,6.639655959653823,2.6687738418579103,1.106926895235891,0.05,0.05,"{'gamma': 0.05, 'C': 0.05}",0.7708333333333333,0.7708333333333333,0.7708333333333333,0.7748691099476439,0.7748691099476439,0.7748691099476439,0.768421052631579,0.768421052631579,0.768421052631579,0.768421052631579,0.7710791540369247,0.0026745951692720158,41
20,23.090590238571167,5.394067283065139,2.810248374938965,0.7452945080539892,0.3,0.005,"{'gamma': 0.3, 'C': 0.005}",0.7708333333333333,0.7708333333333333,0.7708333333333333,0.7748691099476439,0.7748691099476439,0.7748691099476439,0.768421052631579,0.768421052631579,0.768421052631579,0.768421052631579,0.7710791540369247,0.0026745951692720158,41
18,18.138966536521913,6.395546748832834,2.46285080909729,0.7172489238753957,0.0001,0.01,"{'gamma': 0.0001, 'C': 0.01}",0.7708333333333333,0.7708333333333333,0.7708333333333333,0.7748691099476439,0.7748691099476439,0.7748691099476439,0.768421052631579,0.768421052631579,0.768421052631579,0.768421052631579,0.7710791540369247,0.0026745951692720158,41
17,24.202210688591002,2.5699333889712848,3.102053666114807,0.7562205082936374,3,0.03,"{'gamma': 3, 'C': 0.03}",0.7708333333333333,0.7708333333333333,0.7708333333333333,0.7748691099476439,0.7748691099476439,0.7748691099476439,0.768421052631579,0.768421052631579,0.768421052631579,0.768421052631579,0.7710791540369247,0.0026745951692720158,41
16,23.236307072639466,3.530122607266672,2.9993059396743775,0.7869083441034497,3,0.1,"{'gamma': 3, 'C': 0.1}",0.7708333333333333,0.7708333333333333,0.7708333333333333,0.7748691099476439,0.7748691099476439,0.7748691099476439,0.768421052631579,0.768421052631579,0.768421052631579,0.768421052631579,0.7710791540369247,0.0026745951692720158,41
15,20.533556056022643,5.55873222706272,2.7794433355331423,0.9918113143991304,0.001,0.01,"{'gamma': 0.001, 'C': 0.01}",0.7708333333333333,0.7708333333333333,0.7708333333333333,0.7748691099476439,0.7748691099476439,0.7748691099476439,0.768421052631579,0.768421052631579,0.768421052631579,0.768421052631579,0.7710791540369247,0.0026745951692720158,41
14,18.23701455593109,5.8014857233666035,2.375758957862854,1.0354821041790248,0.2,0.05,"{'gamma': 0.2, 'C': 0.05}",0.7708333333333333,0.7708333333333333,0.7708333333333333,0.7748691099476439,0.7748691099476439,0.7748691099476439,0.768421052631579,0.768421052631579,0.768421052631579,0.768421052631579,0.7710791540369247,0.0026745951692720158,41
13,17.49535219669342,6.54823629753088,2.5686221361160277,1.0047246579352145,0.001,0.03,"{'gamma': 0.001, 'C': 0.03}",0.7708333333333333,0.7708333333333333,0.7708333333333333,0.7748691099476439,0.7748691099476439,0.7748691099476439,0.768421052631579,0.768421052631579,0.768421052631579,0.768421052631579,0.7710791540369247,0.0026745951692720158,41
12,23.038606786727904,8.135073337650928,2.5687907695770265,1.1327031457944585,1000,0.05,"{'gamma': 1000, 'C': 0.05}",0.7708333333333333,0.7708333333333333,0.7708333333333333,0.7748691099476439,0.7748691099476439,0.7748691099476439,0.768421052631579,0.768421052631579,0.768421052631579,0.768421052631579,0.7710791540369247,0.0026745951692720158,41
9,21.99684646129608,5.6516506257829535,2.382862997055054,0.8380598157449871,0.1,0.03,"{'gamma': 0.1, 'C': 0.03}",0.7708333333333333,0.7708333333333333,0.7708333333333333,0.7748691099476439,0.7748691099476439,0.7748691099476439,0.768421052631579,0.768421052631579,0.768421052631579,0.768421052631579,0.7710791540369247,0.0026745951692720158,41
8,23.42423791885376,6.232861189863904,2.61799955368042,0.9090249778052708,100,0.03,"{'gamma': 100, 'C': 0.03}",0.7708333333333333,0.7708333333333333,0.7708333333333333,0.7748691099476439,0.7748691099476439,0.7748691099476439,0.768421052631579,0.768421052631579,0.768421052631579,0.768421052631579,0.7710791540369247,0.0026745951692720158,41
5,25.639099264144896,4.805122258149503,2.6802336454391478,0.7101760956429313,500,0.005,"{'gamma': 500, 'C': 0.005}",0.7708333333333333,0.7708333333333333,0.7708333333333333,0.7748691099476439,0.7748691099476439,0.7748691099476439,0.768421052631579,0.768421052631579,0.768421052631579,0.768421052631579,0.7710791540369247,0.0026745951692720158,41
3,27.138445091247558,4.959481063362579,2.864498233795166,0.6909914506573077,0.005,0.03,"{'gamma': 0.005, 'C': 0.03}",0.7708333333333333,0.7708333333333333,0.7708333333333333,0.7748691099476439,0.7748691099476439,0.7748691099476439,0.768421052631579,0.768421052631579,0.768421052631579,0.768421052631579,0.7710791540369247,0.0026745951692720158,41
2,23.95060384273529,6.756639189664546,2.8230664014816282,1.019937955574154,0.3,0.1,"{'gamma': 0.3, 'C': 0.1}",0.7708333333333333,0.7708333333333333,0.7708333333333333,0.7748691099476439,0.7748691099476439,0.7748691099476439,0.768421052631579,0.768421052631579,0.768421052631579,0.768421052631579,0.7710791540369247,0.0026745951692720158,41
26,20.75288071632385,6.255165558848979,3.039593243598938,1.4062576969191627,500,0.1,"{'gamma': 500, 'C': 0.1}",0.7708333333333333,0.7708333333333333,0.7708333333333333,0.7748691099476439,0.7748691099476439,0.7748691099476439,0.768421052631579,0.768421052631579,0.768421052631579,0.768421052631579,0.7710791540369247,0.0026745951692720158,41
25,23.57419593334198,6.384153745013885,3.6092447519302366,1.0094106173879982,5,0.001,"{'gamma': 5, 'C': 0.001}",0.7708333333333333,0.7708333333333333,0.7708333333333333,0.7748691099476439,0.7748691099476439,0.7748691099476439,0.768421052631579,0.768421052631579,0.768421052631579,0.768421052631579,0.7710791540369247,0.0026745951692720158,41
28,22.47414152622223,5.148943002452027,2.9199151754379273,0.9243707966678181,0.0005,0.01,"{'gamma': 0.0005, 'C': 0.01}",0.7708333333333333,0.7708333333333333,0.7708333333333333,0.7748691099476439,0.7748691099476439,0.7748691099476439,0.768421052631579,0.768421052631579,0.768421052631579,0.768421052631579,0.7710791540369247,0.0026745951692720158,41
35,19.156386375427246,3.7463078612093144,2.255462956428528,0.4416364505913685,0.05,0.0005,"{'gamma': 0.05, 'C': 0.0005}",0.7708333333333333,0.7708333333333333,0.7708333333333333,0.7748691099476439,0.7748691099476439,0.7748691099476439,0.768421052631579,0.768421052631579,0.768421052631579,0.768421052631579,0.7710791540369247,0.0026745951692720158,41
53,16.217569327354433,4.8675684038940386,2.2233492612838743,1.0455744714759212,0.2,0.0005,"{'gamma': 0.2, 'C': 0.0005}",0.7708333333333333,0.7708333333333333,0.7708333333333333,0.7748691099476439,0.7748691099476439,0.7748691099476439,0.768421052631579,0.768421052631579,0.768421052631579,0.768421052631579,0.7710791540369247,0.0026745951692720158,41
52,19.43713059425354,6.86034290823654,2.5580239057540894,1.5681934800014852,50,0.01,"{'gamma': 50, 'C': 0.01}",0.7708333333333333,0.7708333333333333,0.7708333333333333,0.7748691099476439,0.7748691099476439,0.7748691099476439,0.768421052631579,0.768421052631579,0.768421052631579,0.768421052631579,0.7710791540369247,0.0026745951692720158,41
46,20.78680374622345,5.597725548392168,2.9672962188720704,1.0573477994400837,500,0.03,"{'gamma': 500, 'C': 0.03}",0.7708333333333333,0.7708333333333333,0.7708333333333333,0.7748691099476439,0.7748691099476439,0.7748691099476439,0.768421052631579,0.768421052631579,0.768421052631579,0.768421052631579,0.7710791540369247,0.0026745951692720158,41
45,16.125664162635804,4.213804211342996,2.3125426292419435,0.7153209345009051,0.3,0.0001,"{'gamma': 0.3, 'C': 0.0001}",0.7708333333333333,0.7708333333333333,0.7708333333333333,0.7748691099476439,0.7748691099476439,0.7748691099476439,0.768421052631579,0.768421052631579,0.768421052631579,0.768421052631579,0.7710791540369247,0.0026745951692720158,41
44,23.166987228393555,5.781338476973595,3.193423628807068,1.2548118841654257,50,0.03,"{'gamma': 50, 'C': 0.03}",0.7708333333333333,0.7708333333333333,0.7708333333333333,0.7748691099476439,0.7748691099476439,0.7748691099476439,0.768421052631579,0.768421052631579,0.768421052631579,0.768421052631579,0.7710791540369247,0.0026745951692720158,41
40,19.62557339668274,6.686021519947742,2.338553786277771,1.137470952452769,0.2,0.01,"{'gamma': 0.2, 'C': 0.01}",0.7708333333333333,0.7708333333333333,0.7708333333333333,0.7748691099476439,0.7748691099476439,0.7748691099476439,0.768421052631579,0.768421052631579,0.768421052631579,0.768421052631579,0.7710791540369247,0.0026745951692720158,41
38,18.932337093353272,5.654848227492972,3.0075491666793823,1.0668829848673704,0.05,0.03,"{'gamma': 0.05, 'C': 0.03}",0.7708333333333333,0.7708333333333333,0.7708333333333333,0.7748691099476439,0.7748691099476439,0.7748691099476439,0.768421052631579,0.768421052631579,0.768421052631579,0.768421052631579,0.7710791540369247,0.0026745951692720158,41
36,20.94690239429474,6.5929199479028675,2.345082712173462,0.8764379673795318,500,0.05,"{'gamma': 500, 'C': 0.05}",0.7708333333333333,0.7708333333333333,0.7708333333333333,0.7748691099476439,0.7748691099476439,0.7748691099476439,0.768421052631579,0.768421052631579,0.768421052631579,0.768421052631579,0.7710791540369247,0.0026745951692720158,41
34,23.650251960754396,5.4832226344031145,2.4979830503463747,0.778913641056434,1000,0.001,"{'gamma': 1000, 'C': 0.001}",0.7708333333333333,0.7708333333333333,0.7708333333333333,0.7748691099476439,0.7748691099476439,0.7748691099476439,0.768421052631579,0.768421052631579,0.768421052631579,0.768421052631579,0.7710791540369247,0.0026745951692720158,41
29,21.93146357536316,5.4952338549944955,2.8677700757980347,1.119559478962665,10,0.005,"{'gamma': 10, 'C': 0.005}",0.7708333333333333,0.7708333333333333,0.7708333333333333,0.7748691099476439,0.7748691099476439,0.7748691099476439,0.768421052631579,0.768421052631579,0.768421052631579,0.768421052631579,0.7710791540369247,0.0026745951692720158,41
50,23.315694665908815,3.7440544285830843,2.4432821035385133,0.9112093932911385,50,0.1,"{'gamma': 50, 'C': 0.1}",0.7708333333333333,0.7708333333333333,0.7708333333333333,0.7748691099476439,0.7748691099476439,0.7748691099476439,0.768421052631579,0.768421052631579,0.768421052631579,0.768421052631579,0.7710791540369247,0.0026745951692720158,41
32,19.452966022491456,7.120292829937679,2.5458099126815794,1.1955488880274387,0.005,5,"{'gamma': 0.005, 'C': 5}",0.7624309392265193,0.7771428571428572,0.7727272727272727,0.7701149425287356,0.7586206896551725,0.7955801104972376,0.7403314917127072,0.7727272727272727,0.7771428571428571,0.7570621468926555,0.7683880580253287,0.014070097216650786,91
51,18.050410628318787,4.505872453950168,2.0767186880111694,0.8911074345722401,0.005,10,"{'gamma': 0.005, 'C': 10}",0.7555555555555555,0.7771428571428572,0.7727272727272727,0.7701149425287356,0.7586206896551725,0.7955801104972376,0.7403314917127072,0.7727272727272727,0.7771428571428571,0.7570621468926555,0.7677005196582323,0.014505637256085488,92
54,20.41278281211853,5.106180344444677,2.248114323616028,0.6939532277808169,0.0001,1,"{'gamma': 0.0001, 'C': 1}",0.7403314917127072,0.7528089887640449,0.7640449438202248,0.7657142857142858,0.8044692737430168,0.7650273224043717,0.7570621468926555,0.7640449438202247,0.788888888888889,0.7727272727272727,0.7675119558487692,0.01716861930186738,93
42,22.32705807685852,6.541309246355641,2.6141773223876954,1.057426094605322,0.005,1000,"{'gamma': 0.005, 'C': 1000}",0.7555555555555555,0.7771428571428572,0.7657142857142858,0.7701149425287356,0.7586206896551725,0.7955801104972376,0.7403314917127072,0.7727272727272727,0.7771428571428571,0.7570621468926555,0.7669992209569336,0.014414901325468377,94
75,18.24724910259247,6.649091604473225,2.380065941810608,0.9662286490392212,0.001,1,"{'gamma': 0.001, 'C': 1}",0.7692307692307693,0.7764705882352941,0.7727272727272727,0.7647058823529412,0.7674418604651163,0.7932960893854749,0.7386363636363636,0.7586206896551725,0.7752808988764044,0.7386363636363636,0.7655046778201173,0.015968188809539208,95
31,21.800372576713563,4.948548739528142,2.770284867286682,1.0978514704137745,0.0005,1,"{'gamma': 0.0005, 'C': 1}",0.7344632768361582,0.7349397590361446,0.7727272727272727,0.7647058823529412,0.7544910179640719,0.7912087912087912,0.7325581395348837,0.7570621468926555,0.7840909090909092,0.7441860465116279,0.7570433242155457,0.019933205046293225,96
96,16.521797847747802,4.438022646468153,1.134424662590027,0.10769524024128624,0.001,3,"{'gamma': 0.001, 'C': 3}",0.7573964497041421,0.6923076923076923,0.7088607594936708,0.7682926829268292,0.7283950617283949,0.8023255813953488,0.7337278106508875,0.7784431137724552,0.7784431137724552,0.7361963190184049,0.7484388584770282,0.03265560378820651,97
24,24.15426959991455,3.3973776115266636,3.0441538810729982,0.7214520404052539,0.0001,3,"{'gamma': 0.0001, 'C': 3}",0.7023809523809523,0.718562874251497,0.7398843930635838,0.7455621301775148,0.7953216374269005,0.770949720670391,0.7241379310344828,0.7294117647058824,0.7719298245614035,0.7674418604651163,0.7465583088737724,0.02762287773992178,98
80,18.47890410423279,6.3178274718940175,2.7119545936584473,1.0099140968670561,0.001,500,"{'gamma': 0.001, 'C': 500}",0.7393939393939393,0.6623376623376622,0.7133757961783439,0.7607361963190185,0.7044025157232704,0.8070175438596491,0.7037037037037037,0.7730061349693251,0.782608695652174,0.732919254658385,0.7379501442795471,0.041424172924555344,99
81,21.406193327903747,6.447271115414674,2.7191348552703856,0.9233218579768321,0.001,1000,"{'gamma': 0.001, 'C': 1000}",0.7393939393939393,0.6623376623376622,0.7051282051282052,0.7607361963190185,0.7044025157232704,0.8070175438596491,0.7116564417177914,0.7730061349693251,0.782608695652174,0.732919254658385,0.737920658975942,0.04141440997811021,100
