,CVE,num_of_author,baseSeverity,baseScore
0,CVE-2023-23397,3202,CRITICAL,9.8
1,CVE-2022-39952,1160,CRITICAL,9.8
2,CVE-2023-21716,883,CRITICAL,9.8
3,CVE-2023-21768,647,HIGH,7.8
4,CVE-2023-23752,612,MEDIUM,5.3
5,CVE-2023-23529,525,HIGH,8.8
6,CVE-2023-27532,490,HIGH,7.5
7,CVE-2021-21974,385,HIGH,8.8
8,CVE-2023-0669,337,HIGH,7.2
9,CVE-2023-25136,317,MEDIUM,6.5
10,CVE-2022-47966,285,CRITICAL,9.8
11,CVE-2023-0179,216,HIGH,7.8
12,CVE-2020-5741,195,HIGH,7.2
13,CVE-2022-41328,194,HIGH,7.1
14,CVE-2022-47986,191,CRITICAL,9.8
15,CVE-2023-21839,187,HIGH,7.5
16,CVE-2022-44666,184,HIGH,7.8
17,CVE-2023-20858,176,HIGH,7.2
18,CVE-2023-0286,176,HIGH,7.4
19,CVE-2023-21036,171,MEDIUM,5.5
20,CVE-2023-25725,165,CRITICAL,9.1
21,CVE-2023-1017,164,HIGH,7.8
22,CVE-2022-42475,155,CRITICAL,9.8
23,CVE-2023-28432,152,HIGH,7.5
24,CVE-2023-23415,149,CRITICAL,9.8
25,CVE-2023-21715,148,MEDIUM,5.0
26,CVE-2023-20078,144,CRITICAL,9.8
27,CVE-2019-5736,134,HIGH,8.6
28,CVE-2022-25664,131,MEDIUM,5.5
29,CVE-2023-25690,131,CRITICAL,9.8
30,CVE-2023-24532,127,MEDIUM,5.3
31,CVE-2023-20032,125,CRITICAL,9.8
32,CVE-2022-44268,120,MEDIUM,6.5
33,CVE-2023-26360,118,CRITICAL,9.8
34,CVE-2021-3490,117,HIGH,7.8
35,CVE-2022-36537,112,HIGH,7.5
36,CVE-2023-0210,109,HIGH,7.5
37,CVE-2022-41099,102,MEDIUM,4.6
38,CVE-2023-20951,101,CRITICAL,9.8
39,CVE-2022-27255,96,CRITICAL,9.8
40,CVE-2023-28343,96,CRITICAL,9.8
41,CVE-2023-24880,95,MEDIUM,4.4
42,CVE-2023-24055,95,MEDIUM,5.5
43,CVE-2023-22809,94,HIGH,7.8
44,CVE-2021-27365,89,HIGH,7.8
45,CVE-2023-21746,86,HIGH,7.8
46,CVE-2023-21800,86,HIGH,7.8
47,CVE-2022-31700,83,HIGH,7.2
48,CVE-2022-21894,83,MEDIUM,4.4
49,CVE-2023-27898,78,MEDIUM,5.4
50,CVE-2023-21608,76,HIGH,7.8
51,CVE-2021-4045,76,CRITICAL,9.8
52,CVE-2022-34689,75,HIGH,7.5
53,CVE-2023-24033,74,CRITICAL,9.8
54,CVE-2023-24998,74,HIGH,7.5
55,CVE-2022-21587,70,CRITICAL,9.8
56,CVE-2022-21882,69,HIGH,7.8
57,CVE-2022-42856,68,HIGH,8.8
58,CVE-2023-1390,66,HIGH,7.5
59,CVE-2023-25194,63,HIGH,8.8
60,CVE-2023-1112,63,CRITICAL,9.8
61,CVE-2022-28810,62,MEDIUM,6.8
62,CVE-2022-41218,62,MEDIUM,5.5
63,CVE-2021-3156,61,HIGH,7.8
64,CVE-2019-18935,60,CRITICAL,9.8
65,CVE-2022-42889,60,CRITICAL,9.8
66,CVE-2022-0847,59,HIGH,7.8
67,CVE-2023-20049,59,HIGH,7.5
68,CVE-2023-22397,56,MEDIUM,6.1
69,CVE-2021-3560,56,HIGH,7.8
70,CVE-2021-43789,55,CRITICAL,9.8
71,CVE-2023-23376,55,HIGH,7.8
72,CVE-2023-25157,54,CRITICAL,9.8
73,CVE-2022-34718,54,CRITICAL,9.8
74,CVE-2023-20860,53,HIGH,7.5
75,CVE-2022-37955,52,HIGH,7.8
76,CVE-2022-0342,51,CRITICAL,9.8
77,CVE-2023-22374,48,HIGH,8.5
78,CVE-2022-4510,47,HIGH,7.8
79,CVE-2017-9140,47,MEDIUM,6.1
80,CVE-2023-21823,46,HIGH,7.8
81,CVE-2023-23514,46,HIGH,7.8
82,CVE-2023-27320,45,HIGH,7.2
83,CVE-2022-40684,43,CRITICAL,9.8
84,CVE-2023-22501,41,CRITICAL,9.1
85,CVE-2021-45335,41,HIGH,8.8
86,CVE-2022-33891,41,HIGH,8.8
87,CVE-2023-0744,40,CRITICAL,9.8
88,CVE-2023-24804,40,MEDIUM,4.4
89,CVE-2023-26489,40,CRITICAL,9.9
90,CVE-2022-20494,39,MEDIUM,5.5
91,CVE-2022-25845,39,CRITICAL,9.8
92,CVE-2020-36620,37,HIGH,7.5
93,CVE-2022-41040,37,HIGH,8.8
94,CVE-2022-27677,37,HIGH,7.8
95,CVE-2023-28115,37,CRITICAL,9.8
96,CVE-2021-34979,36,HIGH,8.8
97,CVE-2023-23520,35,MEDIUM,5.9
98,CVE-2022-24716,35,HIGH,7.5
99,CVE-2023-0567,34,MEDIUM,6.2
100,CVE-2023-23946,34,HIGH,7.5
101,CVE-2023-23638,33,CRITICAL,9.8
102,CVE-2021-44228,33,CRITICAL,10.0
103,CVE-2023-23947,33,HIGH,8.5
104,CVE-2023-21529,33,HIGH,8.8
105,CVE-2023-23396,32,MEDIUM,5.5
106,CVE-2023-26358,32,HIGH,7.8
107,CVE-2023-23399,31,HIGH,7.8
108,CVE-2022-36413,31,CRITICAL,9.1
109,CVE-2023-20861,30,MEDIUM,6.5
110,CVE-2023-24813,30,CRITICAL,9.8
111,CVE-2023-20076,30,HIGH,8.8
112,CVE-2022-47412,29,MEDIUM,5.4
113,CVE-2023-26604,29,HIGH,7.8
114,CVE-2022-42845,29,HIGH,7.2
115,CVE-2023-28708,28,MEDIUM,4.3
116,CVE-2023-24483,28,HIGH,7.8
117,CVE-2023-0662,28,HIGH,7.5
118,CVE-2021-41773,28,HIGH,7.5
119,CVE-2022-35914,27,CRITICAL,9.8
120,CVE-2023-28425,27,MEDIUM,5.5
121,CVE-2016-10190,26,CRITICAL,9.8
122,CVE-2022-23631,26,CRITICAL,9.8
123,CVE-2022-37958,26,HIGH,8.1
124,CVE-2021-42756,26,CRITICAL,9.8
125,CVE-2022-47003,26,CRITICAL,9.8
126,CVE-2018-5093,26,HIGH,7.5
127,CVE-2022-47502,25,HIGH,7.8
128,CVE-2023-28445,25,CRITICAL,9.8
129,CVE-2021-39144,25,HIGH,8.5
130,CVE-2022-46689,25,HIGH,7.0
131,CVE-2022-26438,25,MEDIUM,6.7
132,CVE-2023-22920,25,CRITICAL,9.8
133,CVE-2023-24484,24,MEDIUM,5.5
134,CVE-2023-0585,24,MEDIUM,4.8
135,CVE-2023-1605,24,HIGH,7.5
136,CVE-2023-27522,24,HIGH,7.5
137,CVE-2022-45788,24,CRITICAL,9.8
138,CVE-2023-25575,24,MEDIUM,6.5
139,CVE-2022-24942,23,CRITICAL,9.8
140,CVE-2023-1389,23,HIGH,8.8
141,CVE-2022-24990,23,HIGH,7.5
142,CVE-2022-37337,23,HIGH,8.8
143,CVE-2023-23530,23,HIGH,8.6
144,CVE-2022-35737,23,HIGH,7.5
145,CVE-2023-22490,23,MEDIUM,5.5
146,CVE-2022-27672,23,MEDIUM,4.7
147,CVE-2021-40539,22,CRITICAL,9.8
148,CVE-2023-0656,22,HIGH,7.5
149,CVE-2021-46877,22,HIGH,7.5
150,CVE-2022-24122,22,HIGH,7.8
151,CVE-2015-2291,22,HIGH,7.8
152,CVE-2022-38452,22,HIGH,8.8
153,CVE-2023-1410,22,MEDIUM,4.8
154,CVE-2022-0337,22,MEDIUM,6.5
155,CVE-2022-39214,22,HIGH,7.5
156,CVE-2022-29056,21,MEDIUM,5.3
157,CVE-2022-25978,21,MEDIUM,6.1
158,CVE-2022-36429,21,HIGH,7.2
159,CVE-2023-27566,21,HIGH,7.8
160,CVE-2023-0748,21,MEDIUM,6.1
161,CVE-2023-27482,21,CRITICAL,10.0
162,CVE-2023-23916,21,HIGH,7.5
163,CVE-2023-23192,21,HIGH,7.2
164,CVE-2022-44267,20,MEDIUM,6.5
165,CVE-2023-26072,20,CRITICAL,9.8
166,CVE-2023-27588,20,HIGH,7.5
167,CVE-2023-1454,20,CRITICAL,9.8
168,CVE-2022-38108,20,HIGH,7.2
169,CVE-2023-26035,20,CRITICAL,9.8
170,CVE-2023-23392,20,CRITICAL,9.8
171,CVE-2022-4304,20,MEDIUM,5.9
172,CVE-2023-21838,20,HIGH,7.5
173,CVE-2008-10004,19,CRITICAL,9.8
174,CVE-2023-20052,19,MEDIUM,5.3
175,CVE-2016-15029,19,MEDIUM,6.1
176,CVE-2012-10009,19,CRITICAL,9.8
177,CVE-2017-0145,19,HIGH,8.1
178,CVE-2023-1118,19,HIGH,7.8
179,CVE-2023-0464,19,HIGH,7.5
180,CVE-2022-45124,19,HIGH,7.5
181,CVE-2022-2259,19,MEDIUM,4.3
182,CVE-2023-0941,19,HIGH,8.8
183,CVE-2023-26607,19,HIGH,7.1
184,CVE-2022-45635,19,HIGH,7.5
185,CVE-2023-1018,19,MEDIUM,5.5
186,CVE-2022-43663,19,CRITICAL,9.8
187,CVE-2021-36224,19,CRITICAL,9.8
188,CVE-2018-25048,19,HIGH,8.8
189,CVE-2015-10077,19,CRITICAL,9.8
190,CVE-2022-2258,19,MEDIUM,4.3
191,CVE-2023-23914,19,CRITICAL,9.1
192,CVE-2023-0918,18,CRITICAL,9.8
193,CVE-2022-4883,18,HIGH,8.8
194,CVE-2012-10007,18,MEDIUM,6.1
195,CVE-2013-10019,18,CRITICAL,9.8
196,CVE-2015-10082,18,CRITICAL,9.8
197,CVE-2023-25589,18,CRITICAL,9.8
198,CVE-2023-0386,18,HIGH,7.8
199,CVE-2023-25569,18,MEDIUM,5.7
200,CVE-2022-33213,18,HIGH,8.8
201,CVE-2023-0401,18,HIGH,7.5
202,CVE-2022-23791,18,MEDIUM,6.1
203,CVE-2013-10021,18,MEDIUM,6.1
204,CVE-2023-23286,18,MEDIUM,6.1
205,CVE-2022-47002,18,CRITICAL,9.8
206,CVE-2023-1283,18,CRITICAL,9.8
207,CVE-2023-27842,18,HIGH,8.8
208,CVE-2023-0957,18,CRITICAL,9.6
209,CVE-2023-26602,18,CRITICAL,9.8
210,CVE-2021-21548,18,HIGH,7.4
211,CVE-2022-23790,18,MEDIUM,6.1
212,CVE-2023-0696,18,HIGH,8.8
213,CVE-2015-10084,18,CRITICAL,9.8
214,CVE-2016-15024,18,MEDIUM,5.5
215,CVE-2022-45634,18,MEDIUM,4.3
216,CVE-2018-25082,18,CRITICAL,9.8
217,CVE-2016-15028,18,MEDIUM,5.9
218,CVE-2021-37491,17,HIGH,7.5
219,CVE-2022-33242,17,HIGH,7.8
220,CVE-2023-1067,17,MEDIUM,5.4
221,CVE-2022-38063,17,HIGH,8.8
222,CVE-2023-0494,17,HIGH,7.8
223,CVE-2022-21948,17,MEDIUM,6.1
224,CVE-2023-1545,17,HIGH,7.5
225,CVE-2022-37940,17,MEDIUM,6.1
226,CVE-2023-21707,17,HIGH,8.8
227,CVE-2023-25727,17,MEDIUM,5.4
228,CVE-2023-0258,17,MEDIUM,6.1
229,CVE-2012-10008,17,CRITICAL,9.8
230,CVE-2023-23912,17,HIGH,8.8
231,CVE-2023-0914,17,MEDIUM,5.3
232,CVE-2022-43512,17,MEDIUM,5.5
233,CVE-2023-1175,17,MEDIUM,6.6
234,CVE-2023-23531,17,HIGH,8.6
235,CVE-2022-45637,17,CRITICAL,9.8
236,CVE-2022-25937,17,MEDIUM,6.5
237,CVE-2020-29168,17,CRITICAL,9.8
238,CVE-2021-4195,17,MEDIUM,6.1
239,CVE-2015-10081,17,HIGH,8.8
240,CVE-2015-10086,17,CRITICAL,9.8
241,CVE-2022-32475,17,HIGH,7.0
242,CVE-2022-32477,17,HIGH,7.0
243,CVE-2023-0001,17,MEDIUM,6.7
244,CVE-2022-45701,17,HIGH,8.8
245,CVE-2018-7935,17,MEDIUM,5.3
246,CVE-2022-27891,17,MEDIUM,5.3
247,CVE-2022-45468,17,MEDIUM,5.5
248,CVE-2023-22747,17,CRITICAL,9.8
249,CVE-2021-32441,17,HIGH,7.5
250,CVE-2015-10076,17,CRITICAL,9.8
251,CVE-2021-35394,17,CRITICAL,9.8
252,CVE-2023-1407,17,HIGH,7.2
253,CVE-2022-27890,17,HIGH,7.4
254,CVE-2022-41091,17,MEDIUM,5.4
255,CVE-2021-36225,16,HIGH,8.8
256,CVE-2021-31578,16,CRITICAL,9.8
257,CVE-2023-1350,16,CRITICAL,9.8
258,CVE-2022-22564,16,MEDIUM,5.9
259,CVE-2023-0919,16,LOW,3.5
260,CVE-2022-45988,16,HIGH,7.8
261,CVE-2023-1153,16,CRITICAL,9.8
262,CVE-2021-36942,16,MEDIUM,5.3
263,CVE-2022-32953,16,HIGH,7.0
264,CVE-2023-1180,16,MEDIUM,6.1
265,CVE-2023-1528,16,HIGH,8.8
266,CVE-2023-0917,16,CRITICAL,9.8
267,CVE-2017-20179,16,CRITICAL,9.8
268,CVE-2023-1496,16,MEDIUM,5.4
269,CVE-2022-26080,16,MEDIUM,4.3
270,CVE-2023-0391,16,HIGH,8.1
271,CVE-2021-44196,16,MEDIUM,6.1
272,CVE-2022-45121,16,MEDIUM,5.5
273,CVE-2021-42761,16,CRITICAL,9.8
274,CVE-2022-2094,16,MEDIUM,6.1
275,CVE-2023-0814,16,MEDIUM,6.5
276,CVE-2023-1315,16,MEDIUM,5.4
277,CVE-2023-27530,16,HIGH,7.5
278,CVE-2022-27892,16,HIGH,7.5
279,CVE-2023-0783,16,CRITICAL,9.8
280,CVE-2015-10080,16,MEDIUM,6.1
281,CVE-2022-35405,16,CRITICAL,9.8
282,CVE-2021-45423,16,CRITICAL,9.8
283,CVE-2023-23918,16,HIGH,7.5
284,CVE-2020-27507,16,CRITICAL,9.8
285,CVE-2022-4203,16,MEDIUM,4.9
286,CVE-2023-27980,16,HIGH,8.8
287,CVE-2022-29557,16,HIGH,8.8
288,CVE-2021-40555,16,MEDIUM,5.4
289,CVE-2015-10097,16,CRITICAL,9.8
290,CVE-2023-1181,16,MEDIUM,5.4
291,CVE-2022-33679,16,HIGH,8.1
292,CVE-2023-23924,16,CRITICAL,9.8
293,CVE-2015-10083,16,CRITICAL,9.8
294,CVE-2023-25155,16,MEDIUM,6.5
295,CVE-2022-31474,16,HIGH,7.5
296,CVE-2017-20181,16,MEDIUM,5.5
297,CVE-2023-27986,16,HIGH,7.8
298,CVE-2015-10087,16,HIGH,8.8
299,CVE-2023-27984,16,HIGH,8.8
300,CVE-2020-36661,16,HIGH,7.5
301,CVE-2023-1357,15,CRITICAL,9.8
302,CVE-2021-33226,15,CRITICAL,9.8
303,CVE-2023-1365,15,HIGH,7.5
304,CVE-2023-1360,15,MEDIUM,4.9
305,CVE-2021-33304,15,CRITICAL,9.8
306,CVE-2021-31575,15,CRITICAL,9.8
307,CVE-2021-31574,15,CRITICAL,9.8
308,CVE-2022-28494,15,CRITICAL,9.8
309,CVE-2022-27897,15,HIGH,7.5
310,CVE-2015-10075,15,MEDIUM,6.1
311,CVE-2021-43074,15,MEDIUM,4.3
312,CVE-2023-1317,15,MEDIUM,5.4
313,CVE-2021-31577,15,CRITICAL,9.8
314,CVE-2021-36226,15,CRITICAL,9.8
315,CVE-2021-33925,15,CRITICAL,9.8
316,CVE-2015-10092,15,MEDIUM,6.1
317,CVE-2021-34117,15,HIGH,7.5
318,CVE-2011-10002,15,CRITICAL,9.8
319,CVE-2020-3992,15,CRITICAL,9.8
320,CVE-2023-26039,15,HIGH,8.8
321,CVE-2022-46169,15,CRITICAL,9.8
322,CVE-2023-27985,15,HIGH,7.8
323,CVE-2011-10003,15,CRITICAL,9.8
324,CVE-2015-10089,15,MEDIUM,6.1
325,CVE-2023-1463,15,MEDIUM,5.4
326,CVE-2015-10093,15,MEDIUM,5.4
327,CVE-2022-45552,15,HIGH,7.5
328,CVE-2023-24816,15,HIGH,7.0
329,CVE-2015-10096,15,CRITICAL,9.8
330,CVE-2023-1288,15,HIGH,7.5
331,CVE-2023-24295,15,HIGH,7.8
332,CVE-2023-26281,15,HIGH,7.5
333,CVE-2023-0483,15,LOW,3.8
334,CVE-2020-36665,15,MEDIUM,6.1
335,CVE-2023-0215,15,HIGH,7.5
336,CVE-2013-10020,15,MEDIUM,6.1
337,CVE-2023-23400,15,HIGH,7.2
338,CVE-2020-5002,15,HIGH,8.8
339,CVE-2023-0747,15,MEDIUM,5.4
340,CVE-2015-10085,15,HIGH,7.5
341,CVE-2021-36821,15,MEDIUM,6.1
342,CVE-2022-38074,15,HIGH,8.8
343,CVE-2016-15027,15,MEDIUM,6.1
344,CVE-2006-10001,15,MEDIUM,5.4
345,CVE-2023-1151,15,CRITICAL,9.8
346,CVE-2023-0938,15,CRITICAL,9.8
347,CVE-2023-0860,15,HIGH,7.5
348,CVE-2023-0861,15,HIGH,8.8
349,CVE-2023-0883,15,CRITICAL,9.8
350,CVE-2023-26464,15,HIGH,7.5
351,CVE-2023-1084,15,LOW,2.7
352,CVE-2023-0915,15,HIGH,8.8
353,CVE-2023-0901,15,MEDIUM,5.3
354,CVE-2023-1240,15,MEDIUM,5.4
355,CVE-2020-36664,15,MEDIUM,6.1
356,CVE-2022-32471,15,HIGH,7.0
357,CVE-2020-36663,15,MEDIUM,6.1
358,CVE-2020-19786,15,HIGH,8.8
359,CVE-2019-8720,15,HIGH,8.8
360,CVE-2022-32469,15,HIGH,7.0
361,CVE-2023-1165,15,HIGH,7.2
362,CVE-2023-22578,15,CRITICAL,9.8
363,CVE-2023-1286,15,MEDIUM,4.8
364,CVE-2023-1176,15,LOW,3.3
365,CVE-2023-26605,15,HIGH,7.8
366,CVE-2023-1527,15,MEDIUM,5.4
367,CVE-2023-1556,15,CRITICAL,9.8
368,CVE-2017-20182,15,MEDIUM,6.1
369,CVE-2022-22963,15,CRITICAL,9.8
370,CVE-2016-15026,15,HIGH,7.8
371,CVE-2022-25734,15,HIGH,7.5
372,CVE-2017-20180,15,HIGH,7.5
373,CVE-2023-1561,15,CRITICAL,9.8
374,CVE-2021-43529,15,CRITICAL,9.8
375,CVE-2016-15030,15,MEDIUM,6.1
376,CVE-2023-1211,15,HIGH,7.2
377,CVE-2021-46875,15,MEDIUM,6.1
378,CVE-2023-24573,15,HIGH,7.1
379,CVE-2022-32476,15,HIGH,7.0
380,CVE-2023-1535,15,MEDIUM,5.4
381,CVE-2020-36656,15,MEDIUM,5.4
382,CVE-2016-15025,15,MEDIUM,6.1
383,CVE-2023-1534,14,HIGH,8.8
384,CVE-2023-27871,14,HIGH,7.5
385,CVE-2023-0461,14,HIGH,7.8
386,CVE-2021-31573,14,CRITICAL,9.8
387,CVE-2021-32845,14,HIGH,7.8
388,CVE-2022-33250,14,HIGH,7.5
389,CVE-2023-27483,14,HIGH,7.5
390,CVE-2023-0361,14,HIGH,7.5
391,CVE-2022-43461,14,MEDIUM,5.4
392,CVE-2023-23039,14,MEDIUM,5.7
393,CVE-2023-1312,14,MEDIUM,4.8
394,CVE-2022-40676,14,MEDIUM,5.4
395,CVE-2021-32843,14,MEDIUM,5.5
396,CVE-2022-33245,14,HIGH,7.8
397,CVE-2023-1050,14,CRITICAL,9.8
398,CVE-2021-33396,14,MEDIUM,6.5
399,CVE-2023-24367,14,MEDIUM,6.1
400,CVE-2022-34416,14,MEDIUM,6.7
401,CVE-2022-38745,14,HIGH,7.8
402,CVE-2023-1035,14,HIGH,8.8
403,CVE-2023-1558,14,CRITICAL,9.8
404,CVE-2022-34419,14,MEDIUM,6.7
405,CVE-2022-34418,14,MEDIUM,6.7
406,CVE-2023-1370,14,HIGH,7.5
407,CVE-2019-17003,14,MEDIUM,6.1
408,CVE-2021-33104,14,MEDIUM,5.5
409,CVE-2021-32844,14,MEDIUM,5.5
410,CVE-2022-44574,14,HIGH,7.5
411,CVE-2022-34417,14,MEDIUM,6.7
412,CVE-2023-1557,14,CRITICAL,9.8
413,CVE-2023-26213,14,HIGH,7.2
414,CVE-2023-1293,14,CRITICAL,9.8
415,CVE-2023-26545,14,HIGH,7.8
416,CVE-2021-0187,14,MEDIUM,6.7
417,CVE-2023-1081,14,MEDIUM,4.8
418,CVE-2022-42485,14,MEDIUM,5.4
419,CVE-2021-32163,14,CRITICAL,9.8
420,CVE-2023-1170,14,MEDIUM,6.6
421,CVE-2023-22704,14,MEDIUM,6.1
422,CVE-2020-22647,14,CRITICAL,9.1
423,CVE-2018-25081,14,HIGH,7.5
424,CVE-2023-28486,14,MEDIUM,5.3
425,CVE-2023-25613,14,CRITICAL,9.8
426,CVE-2023-1304,14,HIGH,8.8
427,CVE-2023-1616,14,MEDIUM,5.4
428,CVE-2023-1595,14,HIGH,7.2
429,CVE-2023-1244,14,MEDIUM,5.4
430,CVE-2023-26780,14,CRITICAL,9.8
431,CVE-2023-1177,14,CRITICAL,9.8
432,CVE-2023-26600,14,MEDIUM,6.5
433,CVE-2022-32954,14,HIGH,7.0
434,CVE-2017-11882,14,HIGH,7.8
435,CVE-2022-32473,14,HIGH,7.0
436,CVE-2023-1241,14,MEDIUM,5.4
437,CVE-2022-32478,14,HIGH,7.0
438,CVE-2023-1543,14,HIGH,8.8
439,CVE-2017-20178,14,HIGH,7.5
440,CVE-2017-20177,14,MEDIUM,6.1
441,CVE-2023-1155,14,MEDIUM,5.4
442,CVE-2023-1563,14,CRITICAL,9.8
443,CVE-2023-1294,14,CRITICAL,9.8
444,CVE-2021-32419,14,MEDIUM,5.3
445,CVE-2023-1292,14,CRITICAL,9.8
446,CVE-2008-10003,14,CRITICAL,9.8
447,CVE-2023-1290,14,CRITICAL,9.8
448,CVE-2020-36669,14,HIGH,8.8
449,CVE-2020-36668,14,MEDIUM,4.3
450,CVE-2020-4927,14,HIGH,8.2
451,CVE-2020-4556,14,LOW,3.3
452,CVE-2023-28607,14,MEDIUM,6.1
453,CVE-2020-36670,14,MEDIUM,6.3
454,CVE-2022-47949,14,CRITICAL,9.8
455,CVE-2020-36667,14,MEDIUM,5.4
456,CVE-2022-33244,14,HIGH,7.5
457,CVE-2023-0056,14,MEDIUM,6.5
458,CVE-2023-23007,14,HIGH,7.2
459,CVE-2023-24080,14,CRITICAL,9.8
460,CVE-2023-1462,14,HIGH,8.8
461,CVE-2023-1033,14,HIGH,8.8
462,CVE-2023-0760,14,HIGH,7.8
463,CVE-2023-0759,14,HIGH,8.8
464,CVE-2023-1589,14,CRITICAL,9.8
465,CVE-2023-1559,14,HIGH,7.2
466,CVE-2022-45551,14,CRITICAL,9.8
467,CVE-2023-0935,14,CRITICAL,9.8
468,CVE-2023-27587,14,MEDIUM,6.5
469,CVE-2023-27635,14,HIGH,7.8
470,CVE-2022-45553,14,CRITICAL,9.8
471,CVE-2023-0939,14,CRITICAL,9.8
472,CVE-2015-10073,14,CRITICAL,9.6
473,CVE-2022-45636,14,HIGH,8.1
474,CVE-2022-25733,14,HIGH,7.5
475,CVE-2023-1235,14,MEDIUM,6.3
476,CVE-2022-21953,14,HIGH,8.8
477,CVE-2015-10094,14,MEDIUM,6.1
478,CVE-2021-46023,14,HIGH,7.5
479,CVE-2023-0988,14,HIGH,8.8
480,CVE-2023-0877,14,HIGH,8.8
481,CVE-2023-0932,14,HIGH,8.8
482,CVE-2023-0986,14,CRITICAL,9.8
483,CVE-2023-1495,14,HIGH,8.8
484,CVE-2023-1501,14,HIGH,8.8
485,CVE-2023-1498,14,CRITICAL,9.8
486,CVE-2022-22512,14,CRITICAL,9.8
487,CVE-2023-0879,14,MEDIUM,5.4
488,CVE-2021-4333,14,MEDIUM,6.5
489,CVE-2022-45153,14,HIGH,7.8
490,CVE-2022-25735,14,HIGH,7.5
491,CVE-2023-24726,14,CRITICAL,9.8
492,CVE-2023-24329,14,HIGH,7.5
493,CVE-2023-1499,14,CRITICAL,9.8
494,CVE-2021-4330,14,HIGH,8.8
495,CVE-2023-24815,14,MEDIUM,5.3
496,CVE-2023-1560,14,MEDIUM,5.5
497,CVE-2022-31808,14,HIGH,7.8
498,CVE-2023-1291,14,CRITICAL,9.8
499,CVE-2023-1592,14,CRITICAL,9.8
500,CVE-2023-0743,14,CRITICAL,9.0
501,CVE-2022-25729,14,CRITICAL,9.8
502,CVE-2015-10095,14,MEDIUM,6.1
503,CVE-2023-20859,14,MEDIUM,5.5
504,CVE-2023-1029,14,MEDIUM,4.3
505,CVE-2021-38239,14,HIGH,7.5
506,CVE-2015-10074,14,MEDIUM,6.1
507,CVE-2023-0734,14,MEDIUM,5.3
508,CVE-2021-37492,14,HIGH,7.5
509,CVE-2023-25363,13,CRITICAL,9.8
510,CVE-2023-1039,13,HIGH,8.8
511,CVE-2023-1564,13,CRITICAL,9.8
512,CVE-2023-0927,13,HIGH,8.8
513,CVE-2022-34909,13,CRITICAL,9.1
514,CVE-2023-0050,13,MEDIUM,5.4
515,CVE-2023-22855,13,CRITICAL,9.8
516,CVE-2022-21163,13,HIGH,7.8
517,CVE-2023-1149,13,MEDIUM,5.4
518,CVE-2023-1040,13,CRITICAL,9.8
519,CVE-2022-34415,13,MEDIUM,6.7
520,CVE-2023-0931,13,HIGH,8.8
521,CVE-2023-25358,13,CRITICAL,9.8
522,CVE-2023-23836,13,HIGH,7.2
523,CVE-2022-37969,13,HIGH,7.8
524,CVE-2023-1116,13,MEDIUM,5.4
525,CVE-2020-0796,13,CRITICAL,10.0
526,CVE-2023-0903,13,HIGH,8.8
527,CVE-2022-36804,13,HIGH,8.8
528,CVE-2023-26088,13,HIGH,7.8
529,CVE-2023-0904,13,HIGH,8.8
530,CVE-2023-26074,13,CRITICAL,9.8
531,CVE-2023-25621,13,MEDIUM,6.5
532,CVE-2023-0003,13,MEDIUM,6.5
533,CVE-2023-0845,13,MEDIUM,6.5
534,CVE-2023-25805,13,CRITICAL,9.8
535,CVE-2022-48342,13,CRITICAL,9.8
536,CVE-2023-1051,13,MEDIUM,6.1
537,CVE-2023-27781,13,HIGH,7.8
538,CVE-2023-26544,13,HIGH,7.8
539,CVE-2023-0905,13,HIGH,7.5
540,CVE-2023-1034,13,HIGH,8.8
541,CVE-2023-0882,13,HIGH,8.8
542,CVE-2023-1028,13,MEDIUM,4.3
543,CVE-2022-48363,13,HIGH,7.5
544,CVE-2023-1578,13,HIGH,8.8
545,CVE-2022-43761,13,HIGH,7.5
546,CVE-2022-48423,13,HIGH,7.8
547,CVE-2023-0878,13,MEDIUM,6.1
548,CVE-2023-1024,13,MEDIUM,4.3
549,CVE-2023-1046,13,HIGH,8.8
550,CVE-2023-23524,13,HIGH,7.5
551,CVE-2023-0916,13,HIGH,8.8
552,CVE-2023-26314,13,HIGH,8.8
553,CVE-2023-1063,13,HIGH,8.8
554,CVE-2023-0746,13,MEDIUM,6.1
555,CVE-2023-0980,13,CRITICAL,9.8
556,CVE-2023-0982,13,CRITICAL,9.8
557,CVE-2023-26209,13,MEDIUM,5.3
558,CVE-2023-28685,13,HIGH,7.1
559,CVE-2023-0771,13,HIGH,8.8
560,CVE-2021-45478,13,MEDIUM,6.5
561,CVE-2023-24343,13,HIGH,8.8
562,CVE-2022-34406,13,MEDIUM,6.7
563,CVE-2022-34407,13,MEDIUM,6.7
564,CVE-2022-33254,13,HIGH,7.5
565,CVE-2023-0322,13,MEDIUM,6.1
566,CVE-2022-34411,13,MEDIUM,6.7
567,CVE-2023-26261,13,CRITICAL,9.8
568,CVE-2022-34408,13,MEDIUM,6.7
569,CVE-2023-26110,13,CRITICAL,9.8
570,CVE-2019-25104,13,HIGH,7.5
571,CVE-2023-0981,13,CRITICAL,9.8
572,CVE-2022-34412,13,MEDIUM,6.7
573,CVE-2022-34410,13,MEDIUM,6.7
574,CVE-2022-34409,13,MEDIUM,6.7
575,CVE-2022-21216,13,MEDIUM,6.8
576,CVE-2023-0784,13,CRITICAL,9.8
577,CVE-2023-26105,13,HIGH,7.5
578,CVE-2023-0774,13,CRITICAL,9.8
579,CVE-2023-0819,13,HIGH,7.8
580,CVE-2023-27638,13,CRITICAL,9.8
581,CVE-2023-0934,13,MEDIUM,5.4
582,CVE-2023-25557,13,CRITICAL,9.1
583,CVE-2023-26113,13,HIGH,7.5
584,CVE-2023-0127,13,HIGH,7.8
585,CVE-2023-1594,13,CRITICAL,9.8
586,CVE-2023-25828,13,HIGH,7.2
587,CVE-2023-23695,13,MEDIUM,5.9
588,CVE-2022-34414,13,MEDIUM,6.7
589,CVE-2023-0777,13,CRITICAL,9.8
590,CVE-2023-26606,13,HIGH,7.8
591,CVE-2008-10002,13,MEDIUM,6.1
592,CVE-2023-25695,13,MEDIUM,5.3
593,CVE-2023-0785,13,MEDIUM,5.3
594,CVE-2023-28609,13,CRITICAL,9.8
595,CVE-2023-1010,13,MEDIUM,5.5
596,CVE-2023-23009,13,MEDIUM,6.5
597,CVE-2022-34413,13,MEDIUM,6.7
598,CVE-2023-1072,13,MEDIUM,5.3
599,CVE-2023-1359,13,MEDIUM,4.8
600,CVE-2021-33391,13,CRITICAL,9.8
601,CVE-2023-1355,13,MEDIUM,5.5
602,CVE-2021-31637,13,HIGH,7.8
603,CVE-2023-1354,13,MEDIUM,6.1
604,CVE-2023-1494,13,CRITICAL,9.8
605,CVE-2023-27978,13,HIGH,7.8
606,CVE-2023-1542,13,MEDIUM,5.4
607,CVE-2022-32474,13,HIGH,7.0
608,CVE-2021-33926,13,HIGH,8.8
609,CVE-2023-27034,13,CRITICAL,9.8
610,CVE-2023-24201,13,CRITICAL,9.8
611,CVE-2022-4462,13,MEDIUM,4.3
612,CVE-2022-41831,13,MEDIUM,5.4
613,CVE-2023-1366,13,HIGH,7.2
614,CVE-2021-32846,13,HIGH,7.8
615,CVE-2023-24206,13,CRITICAL,9.8
616,CVE-2021-31985,13,HIGH,8.8
617,CVE-2021-20251,13,MEDIUM,5.9
618,CVE-2021-31576,13,HIGH,7.5
619,CVE-2023-1352,13,CRITICAL,9.8
620,CVE-2022-41785,13,MEDIUM,5.4
621,CVE-2022-39983,13,CRITICAL,9.8
622,CVE-2023-24348,13,CRITICAL,9.8
623,CVE-2022-25905,13,HIGH,7.3
624,CVE-2023-28152,13,CRITICAL,9.8
625,CVE-2023-22335,13,HIGH,7.5
626,CVE-2021-33949,13,CRITICAL,9.8
627,CVE-2021-33948,13,CRITICAL,9.8
628,CVE-2021-45479,13,MEDIUM,5.4
629,CVE-2023-1307,13,CRITICAL,9.8
630,CVE-2023-1313,13,HIGH,8.8
631,CVE-2023-1309,13,CRITICAL,9.8
632,CVE-2023-1311,13,CRITICAL,9.8
633,CVE-2023-27981,13,HIGH,8.8
634,CVE-2023-1316,13,MEDIUM,5.4
635,CVE-2022-0609,13,HIGH,8.8
636,CVE-2021-4331,13,HIGH,8.8
637,CVE-2022-25738,13,HIGH,7.5
638,CVE-2023-1318,13,MEDIUM,5.4
639,CVE-2023-27982,13,HIGH,8.8
640,CVE-2023-1349,13,MEDIUM,6.1
641,CVE-2023-24731,13,HIGH,8.8
642,CVE-2023-1358,13,CRITICAL,9.8
643,CVE-2021-4332,13,MEDIUM,6.5
644,CVE-2023-24732,13,HIGH,8.8
645,CVE-2020-36660,13,MEDIUM,4.3
646,CVE-2023-1540,13,MEDIUM,5.3
647,CVE-2023-1250,13,HIGH,7.8
648,CVE-2023-1245,13,MEDIUM,5.4
649,CVE-2022-25728,13,HIGH,7.5
650,CVE-2023-20947,13,HIGH,7.8
651,CVE-2023-1490,13,MEDIUM,5.5
652,CVE-2023-24762,13,CRITICAL,9.8
653,CVE-2023-1480,13,CRITICAL,9.8
654,CVE-2023-1505,13,CRITICAL,9.8
655,CVE-2023-27202,13,CRITICAL,9.8
656,CVE-2015-10088,13,CRITICAL,9.8
657,CVE-2023-25153,13,MEDIUM,5.5
658,CVE-2023-24351,13,CRITICAL,9.8
659,CVE-2022-3089,13,CRITICAL,9.8
660,CVE-2023-1287,13,CRITICAL,9.8
661,CVE-2023-22344,13,CRITICAL,9.8
662,CVE-2022-40032,13,CRITICAL,9.8
663,CVE-2015-10079,13,MEDIUM,6.1
664,CVE-2023-1541,13,LOW,3.8
665,CVE-2020-21119,13,CRITICAL,9.8
666,CVE-2022-25732,13,HIGH,7.5
667,CVE-2022-48322,13,CRITICAL,9.8
668,CVE-2023-1269,13,CRITICAL,9.8
669,CVE-2022-47664,13,HIGH,7.8
670,CVE-2023-1539,13,MEDIUM,5.3
671,CVE-2023-26905,13,CRITICAL,9.8
672,CVE-2023-1538,13,MEDIUM,5.3
673,CVE-2023-1270,13,MEDIUM,5.4
674,CVE-2023-1593,13,MEDIUM,6.1
675,CVE-2023-22438,13,MEDIUM,5.4
676,CVE-2023-1264,13,MEDIUM,5.5
677,CVE-2023-1080,13,MEDIUM,6.1
678,CVE-2023-20009,13,HIGH,7.2
679,CVE-2023-1239,13,MEDIUM,4.8
680,CVE-2022-32470,13,HIGH,7.0
681,CVE-2023-1537,13,CRITICAL,9.8
682,CVE-2023-25758,13,MEDIUM,4.2
683,CVE-2021-20038,13,CRITICAL,9.8
684,CVE-2023-1238,13,MEDIUM,5.4
685,CVE-2023-1536,13,MEDIUM,5.4
686,CVE-2020-1472,13,CRITICAL,10.0
687,CVE-2023-0741,12,CRITICAL,9.0
688,CVE-2023-24774,12,CRITICAL,9.8
689,CVE-2023-22629,12,HIGH,8.8
690,CVE-2023-1590,12,CRITICAL,9.8
691,CVE-2023-1481,12,MEDIUM,6.1
692,CVE-2023-1441,12,CRITICAL,9.8
693,CVE-2021-32142,12,HIGH,7.8
694,CVE-2023-1154,12,MEDIUM,6.1
695,CVE-2023-1444,12,MEDIUM,6.5
696,CVE-2023-1045,12,HIGH,8.1
697,CVE-2023-1047,12,HIGH,7.8
698,CVE-2023-0888,12,HIGH,7.2
699,CVE-2023-23697,12,LOW,3.3
700,CVE-2023-24729,12,HIGH,8.8
701,CVE-2023-1042,12,MEDIUM,6.1
702,CVE-2023-1446,12,MEDIUM,5.5
703,CVE-2023-1503,12,CRITICAL,9.8
704,CVE-2023-27855,12,CRITICAL,9.8
705,CVE-2023-1130,12,CRITICAL,9.8
706,CVE-2023-25156,12,CRITICAL,9.8
707,CVE-2023-24787,12,HIGH,8.8
708,CVE-2023-0945,12,MEDIUM,5.4
709,CVE-2023-1591,12,CRITICAL,9.8
710,CVE-2023-1197,12,MEDIUM,4.8
711,CVE-2023-1057,12,HIGH,8.8
712,CVE-2023-1504,12,CRITICAL,9.8
713,CVE-2023-1056,12,HIGH,8.8
714,CVE-2023-0699,12,HIGH,8.8
715,CVE-2023-24199,12,CRITICAL,9.8
716,CVE-2023-1058,12,HIGH,8.8
717,CVE-2023-1237,12,MEDIUM,5.4
718,CVE-2021-26277,12,CRITICAL,9.8
719,CVE-2022-41554,12,MEDIUM,5.4
720,CVE-2022-43927,12,HIGH,7.5
721,CVE-2022-27490,12,MEDIUM,6.5
722,CVE-2022-41076,12,HIGH,8.5
723,CVE-2023-28116,12,CRITICAL,9.8
724,CVE-2023-28117,12,MEDIUM,6.5
725,CVE-2023-28154,12,CRITICAL,9.8
726,CVE-2020-21120,12,CRITICAL,9.8
727,CVE-2022-43923,12,MEDIUM,5.5
728,CVE-2015-10091,12,HIGH,7.2
729,CVE-2023-27484,12,MEDIUM,4.9
730,CVE-2022-47431,12,MEDIUM,6.1
731,CVE-2022-47154,12,HIGH,8.8
732,CVE-2021-3172,12,HIGH,8.1
733,CVE-2023-1243,12,MEDIUM,4.8
734,CVE-2023-1059,12,HIGH,8.8
735,CVE-2023-1179,12,MEDIUM,5.4
736,CVE-2023-1351,12,CRITICAL,9.8
737,CVE-2023-1353,12,MEDIUM,6.1
738,CVE-2023-24347,12,HIGH,8.8
739,CVE-2023-1117,12,MEDIUM,5.4
740,CVE-2023-1532,12,HIGH,8.8
741,CVE-2023-1529,12,CRITICAL,9.8
742,CVE-2023-1048,12,HIGH,7.8
743,CVE-2023-1168,12,HIGH,8.8
744,CVE-2023-25689,12,MEDIUM,5.3
745,CVE-2023-24575,12,HIGH,7.8
746,CVE-2023-1023,12,MEDIUM,4.3
747,CVE-2023-1439,12,CRITICAL,9.8
748,CVE-2023-21689,12,CRITICAL,9.8
749,CVE-2023-1053,12,CRITICAL,9.8
750,CVE-2023-24221,12,CRITICAL,9.8
751,CVE-2023-25692,12,HIGH,7.5
752,CVE-2023-24657,12,MEDIUM,6.1
753,CVE-2023-22336,12,CRITICAL,9.8
754,CVE-2023-24220,12,CRITICAL,9.8
755,CVE-2022-2024,12,CRITICAL,9.8
756,CVE-2023-1562,12,MEDIUM,4.3
757,CVE-2023-1319,12,MEDIUM,4.8
758,CVE-2023-0568,12,HIGH,8.1
759,CVE-2023-1506,12,CRITICAL,9.8
760,CVE-2023-1251,12,CRITICAL,9.8
761,CVE-2023-1242,12,MEDIUM,5.4
762,CVE-2023-1612,12,CRITICAL,9.8
763,CVE-2023-1455,12,CRITICAL,9.8
764,CVE-2023-24780,12,CRITICAL,9.8
765,CVE-2023-1479,12,CRITICAL,9.8
766,CVE-2023-1460,12,CRITICAL,9.8
767,CVE-2023-0913,12,HIGH,8.8
768,CVE-2023-1445,12,MEDIUM,5.5
769,CVE-2022-2504,12,CRITICAL,9.8
770,CVE-2023-1497,12,CRITICAL,9.8
771,CVE-2023-24192,12,MEDIUM,6.1
772,CVE-2023-1026,12,MEDIUM,4.3
773,CVE-2023-1041,12,MEDIUM,6.1
774,CVE-2023-1160,12,MEDIUM,5.5
775,CVE-2023-22832,12,HIGH,7.5
776,CVE-2023-22883,12,HIGH,7.8
777,CVE-2023-25361,12,CRITICAL,9.8
778,CVE-2023-23915,12,MEDIUM,6.5
779,CVE-2023-25657,12,CRITICAL,9.8
780,CVE-2023-1252,12,HIGH,7.8
781,CVE-2023-24349,12,CRITICAL,9.8
782,CVE-2023-1515,12,MEDIUM,5.4
783,CVE-2023-20011,12,HIGH,8.8
784,CVE-2023-1447,12,MEDIUM,6.1
785,CVE-2023-1054,12,CRITICAL,9.8
786,CVE-2023-25573,12,HIGH,7.5
787,CVE-2023-1364,12,HIGH,7.5
788,CVE-2023-1043,12,MEDIUM,4.3
789,CVE-2023-24655,12,CRITICAL,9.8
790,CVE-2023-1044,12,HIGH,8.8
791,CVE-2023-0902,12,MEDIUM,5.4
792,CVE-2023-1362,12,MEDIUM,6.1
793,CVE-2023-1461,12,CRITICAL,9.8
794,CVE-2023-1440,12,HIGH,8.8
795,CVE-2023-1062,12,HIGH,8.8
796,CVE-2023-1038,12,CRITICAL,9.8
797,CVE-2023-24200,12,CRITICAL,9.8
798,CVE-2023-1308,12,CRITICAL,9.8
799,CVE-2023-24625,12,MEDIUM,6.5
800,CVE-2022-48425,12,HIGH,7.8
801,CVE-2023-1036,12,MEDIUM,6.1
802,CVE-2023-1027,12,MEDIUM,4.3
803,CVE-2021-33224,12,CRITICAL,9.8
804,CVE-2023-28100,12,CRITICAL,10.0
805,CVE-2023-25823,12,CRITICAL,9.8
806,CVE-2023-28083,12,MEDIUM,5.4
807,CVE-2020-19824,12,HIGH,7.0
808,CVE-2023-25968,12,HIGH,8.8
809,CVE-2023-0742,12,CRITICAL,9.0
810,CVE-2023-25814,12,MEDIUM,6.5
811,CVE-2023-0590,12,MEDIUM,4.7
812,CVE-2022-4289,12,MEDIUM,4.3
813,CVE-2023-0912,12,HIGH,8.8
814,CVE-2022-42948,12,CRITICAL,9.8
815,CVE-2023-27578,12,HIGH,7.5
816,CVE-2023-1361,12,MEDIUM,6.5
817,CVE-2023-27570,12,CRITICAL,9.8
818,CVE-2023-0002,12,HIGH,7.8
819,CVE-2020-12413,12,MEDIUM,5.9
820,CVE-2023-27500,12,HIGH,8.1
821,CVE-2022-4927,12,MEDIUM,6.1
822,CVE-2023-24198,12,CRITICAL,9.8
823,CVE-2023-1306,12,HIGH,8.8
824,CVE-2023-24202,12,CRITICAL,9.8
825,CVE-2023-21822,12,HIGH,7.8
826,CVE-2023-24320,12,CRITICAL,9.8
827,CVE-2023-25616,12,HIGH,8.8
828,CVE-2023-24580,12,HIGH,7.5
829,CVE-2022-39299,12,HIGH,8.1
830,CVE-2023-27203,12,CRITICAL,9.8
831,CVE-2023-27580,12,MEDIUM,5.9
832,CVE-2020-2551,12,CRITICAL,9.8
833,CVE-2023-0906,12,CRITICAL,9.8
834,CVE-2023-0577,12,MEDIUM,6.1
835,CVE-2022-31706,12,CRITICAL,9.8
836,CVE-2023-0841,12,HIGH,8.8
837,CVE-2023-0780,12,MEDIUM,5.4
838,CVE-2022-34148,12,MEDIUM,4.8
839,CVE-2023-0781,12,CRITICAL,9.8
840,CVE-2023-28686,12,HIGH,7.1
841,CVE-2023-28466,12,HIGH,7.0
842,CVE-2023-25956,12,HIGH,7.5
843,CVE-2023-0586,12,MEDIUM,5.4
844,CVE-2023-0740,12,CRITICAL,9.0
845,CVE-2023-25795,12,MEDIUM,4.8
846,CVE-2022-39953,12,HIGH,7.8
847,CVE-2023-0722,12,MEDIUM,4.3
848,CVE-2020-19825,12,CRITICAL,9.6
849,CVE-2023-26208,12,MEDIUM,5.3
850,CVE-2022-48111,12,MEDIUM,6.1
851,CVE-2023-26081,12,HIGH,7.5
852,CVE-2023-27204,12,CRITICAL,9.8
853,CVE-2022-46752,12,MEDIUM,4.6
854,CVE-2023-26092,12,CRITICAL,9.8
855,CVE-2020-6817,12,HIGH,7.5
856,CVE-2022-46637,12,CRITICAL,9.8
857,CVE-2023-27100,12,CRITICAL,9.8
858,CVE-2023-26513,12,HIGH,7.5
859,CVE-2023-28606,12,MEDIUM,6.1
860,CVE-2023-27641,12,MEDIUM,6.1
861,CVE-2022-48424,12,HIGH,7.8
862,CVE-2023-1442,12,HIGH,7.2
863,CVE-2023-1492,12,MEDIUM,5.5
864,CVE-2023-0930,12,HIGH,8.8
865,CVE-2023-25362,12,CRITICAL,9.8
866,CVE-2023-1061,12,HIGH,8.8
867,CVE-2023-25696,12,CRITICAL,9.8
868,CVE-2021-45477,12,MEDIUM,6.5
869,CVE-2023-27253,12,HIGH,8.8
870,CVE-2023-25536,12,MEDIUM,6.7
871,CVE-2023-27242,12,MEDIUM,5.4
872,CVE-2023-21615,12,MEDIUM,5.4
873,CVE-2023-27213,12,CRITICAL,9.8
874,CVE-2023-0936,12,MEDIUM,6.5
875,CVE-2023-1248,12,MEDIUM,6.1
876,CVE-2023-1502,12,CRITICAL,9.8
877,CVE-2023-25709,12,HIGH,8.8
878,CVE-2023-24730,12,HIGH,8.8
879,CVE-2023-1489,12,HIGH,7.8
880,CVE-2022-41862,12,LOW,3.7
881,CVE-2023-0707,12,CRITICAL,9.8
882,CVE-2022-28495,12,CRITICAL,9.8
883,CVE-2022-28497,12,CRITICAL,9.8
884,CVE-2023-1443,12,HIGH,7.5
885,CVE-2022-48362,12,HIGH,8.8
886,CVE-2023-25708,12,HIGH,8.8
887,CVE-2023-0910,12,CRITICAL,9.8
888,CVE-2023-1491,12,MEDIUM,5.5
889,CVE-2023-1500,12,MEDIUM,6.1
890,CVE-2023-1517,12,MEDIUM,4.8
891,CVE-2022-23535,12,CRITICAL,9.8
892,CVE-2022-44580,12,HIGH,8.8
893,CVE-2023-1459,12,CRITICAL,9.8
894,CVE-2023-1310,12,CRITICAL,9.8
895,CVE-2023-1100,12,CRITICAL,9.8
896,CVE-2023-23040,12,HIGH,7.5
897,CVE-2023-1320,12,MEDIUM,6.1
898,CVE-2023-23313,12,MEDIUM,6.1
899,CVE-2023-1064,12,CRITICAL,9.8
900,CVE-2023-24485,12,HIGH,7.8
901,CVE-2023-1022,12,MEDIUM,4.3
902,CVE-2023-27582,12,CRITICAL,9.8
903,CVE-2023-1115,12,MEDIUM,5.4
904,CVE-2023-27896,12,HIGH,7.5
905,CVE-2022-45154,12,MEDIUM,5.5
906,CVE-2022-0637,12,MEDIUM,6.1
907,CVE-2022-48365,12,HIGH,7.2
908,CVE-2023-26462,12,CRITICAL,9.8
909,CVE-2022-44877,12,CRITICAL,9.8
910,CVE-2022-4492,12,HIGH,7.5
911,CVE-2021-46876,12,MEDIUM,5.3
912,CVE-2021-32302,12,MEDIUM,6.1
913,CVE-2022-43969,12,CRITICAL,9.1
914,CVE-2020-8958,12,HIGH,7.2
915,CVE-2023-27873,12,MEDIUM,6.5
916,CVE-2023-1474,11,CRITICAL,9.8
917,CVE-2023-1483,11,CRITICAL,9.8
918,CVE-2023-1486,11,HIGH,7.1
919,CVE-2022-38731,11,MEDIUM,4.3
920,CVE-2023-22681,11,MEDIUM,6.5
921,CVE-2023-1464,11,CRITICAL,9.8
922,CVE-2022-38734,11,HIGH,7.5
923,CVE-2022-45544,11,HIGH,8.8
924,CVE-2023-1484,11,CRITICAL,9.8
925,CVE-2022-34910,11,MEDIUM,5.5
926,CVE-2022-45608,11,HIGH,8.8
927,CVE-2023-1485,11,MEDIUM,6.1
928,CVE-2023-1466,11,CRITICAL,9.8
929,CVE-2023-1488,11,MEDIUM,5.5
930,CVE-2023-27103,11,HIGH,8.8
931,CVE-2023-1493,11,MEDIUM,5.5
932,CVE-2023-27224,11,CRITICAL,9.8
933,CVE-2023-1482,11,HIGH,8.8
934,CVE-2023-1507,11,MEDIUM,6.1
935,CVE-2023-1487,11,MEDIUM,5.5
936,CVE-2022-45003,11,HIGH,7.5
937,CVE-2023-22748,11,CRITICAL,9.8
938,CVE-2022-38456,11,HIGH,7.5
939,CVE-2021-40438,11,CRITICAL,9.0
940,CVE-2022-44875,11,MEDIUM,5.4
941,CVE-2023-23109,11,HIGH,7.5
942,CVE-2023-28617,11,HIGH,7.8
943,CVE-2022-38971,11,MEDIUM,5.4
944,CVE-2022-45137,11,MEDIUM,6.1
945,CVE-2023-24728,11,HIGH,8.8
946,CVE-2021-4329,11,CRITICAL,9.8
947,CVE-2022-34908,11,HIGH,7.5
948,CVE-2022-45155,11,MEDIUM,5.5
949,CVE-2023-27372,11,CRITICAL,9.8
950,CVE-2022-45454,11,HIGH,7.5
951,CVE-2023-28611,11,CRITICAL,9.8
952,CVE-2023-24808,11,MEDIUM,6.5
953,CVE-2022-38458,11,MEDIUM,5.9
954,CVE-2023-1378,11,CRITICAL,9.8
955,CVE-2023-23586,11,MEDIUM,5.5
956,CVE-2023-23926,11,HIGH,8.1
957,CVE-2023-23718,11,MEDIUM,4.8
958,CVE-2023-1368,11,CRITICAL,9.8
959,CVE-2023-1367,11,LOW,3.8
960,CVE-2023-23721,11,HIGH,8.8
961,CVE-2023-1363,11,MEDIUM,5.4
962,CVE-2023-28725,11,CRITICAL,9.1
963,CVE-2023-23857,11,HIGH,8.6
964,CVE-2023-1453,11,HIGH,7.1
965,CVE-2023-23920,11,MEDIUM,4.2
966,CVE-2021-27788,11,MEDIUM,6.1
967,CVE-2022-46892,11,CRITICAL,9.8
968,CVE-2023-1337,11,MEDIUM,4.3
969,CVE-2023-26922,11,CRITICAL,9.8
970,CVE-2023-27060,11,CRITICAL,9.8
971,CVE-2023-1448,11,HIGH,7.8
972,CVE-2023-23781,11,HIGH,8.8
973,CVE-2017-8291,11,HIGH,7.8
974,CVE-2023-1322,11,CRITICAL,9.8
975,CVE-2023-24377,11,HIGH,8.8
976,CVE-2022-45697,11,HIGH,7.8
977,CVE-2023-25762,11,MEDIUM,5.4
978,CVE-2022-4450,11,HIGH,7.5
979,CVE-2021-3854,11,CRITICAL,9.8
980,CVE-2022-45725,11,HIGH,8.8
981,CVE-2023-1321,11,CRITICAL,9.8
982,CVE-2023-23944,11,MEDIUM,6.5
983,CVE-2023-27117,11,HIGH,7.8
984,CVE-2022-45843,11,MEDIUM,5.4
985,CVE-2023-1450,11,MEDIUM,5.5
986,CVE-2023-1415,11,HIGH,8.8
987,CVE-2023-1449,11,HIGH,7.8
988,CVE-2023-23696,11,HIGH,7.8
989,CVE-2023-1398,11,HIGH,8.8
990,CVE-2023-27164,11,MEDIUM,4.8
991,CVE-2023-23108,11,HIGH,7.5
992,CVE-2023-1429,11,MEDIUM,5.4
993,CVE-2022-44742,11,MEDIUM,4.8
994,CVE-2023-24323,11,HIGH,8.8
995,CVE-2023-24388,11,MEDIUM,5.4
996,CVE-2023-21771,11,HIGH,7.0
997,CVE-2023-1416,11,CRITICAL,9.8
998,CVE-2023-22995,11,HIGH,7.8
999,CVE-2023-24643,11,CRITICAL,9.8
1000,CVE-2023-24344,11,HIGH,8.8
1001,CVE-2023-24346,11,HIGH,8.8
1002,CVE-2023-22419,11,HIGH,7.8
1003,CVE-2023-23698,11,HIGH,7.1
1004,CVE-2022-41620,11,HIGH,8.8
1005,CVE-2023-27979,11,HIGH,7.5
1006,CVE-2023-24352,11,CRITICAL,9.8
1007,CVE-2023-22432,11,MEDIUM,6.1
1008,CVE-2023-27895,11,MEDIUM,6.5
1009,CVE-2023-25693,11,CRITICAL,9.8
1010,CVE-2023-24219,11,CRITICAL,9.8
1011,CVE-2023-27637,11,CRITICAL,9.8
1012,CVE-2023-22481,11,MEDIUM,5.5
1013,CVE-2023-22974,11,HIGH,7.5
1014,CVE-2023-20651,11,MEDIUM,4.4
1015,CVE-2023-20643,11,MEDIUM,6.7
1016,CVE-2023-20621,11,MEDIUM,6.7
1017,CVE-2023-20635,11,MEDIUM,4.4
1018,CVE-2023-20089,11,MEDIUM,6.5
1019,CVE-2023-28424,11,CRITICAL,9.8
1020,CVE-2023-20620,11,MEDIUM,4.1
1021,CVE-2023-28095,11,HIGH,7.5
1022,CVE-2023-20085,11,MEDIUM,6.1
1023,CVE-2022-31254,11,HIGH,7.8
1024,CVE-2022-31405,11,MEDIUM,6.5
1025,CVE-2022-28491,11,CRITICAL,9.8
1026,CVE-2023-28335,11,HIGH,8.8
1027,CVE-2023-24381,11,MEDIUM,4.8
1028,CVE-2022-40699,11,MEDIUM,6.1
1029,CVE-2023-20646,11,MEDIUM,4.4
1030,CVE-2022-33225,11,HIGH,7.8
1031,CVE-2023-20050,11,HIGH,7.8
1032,CVE-2023-24572,11,LOW,3.3
1033,CVE-2023-21794,11,MEDIUM,4.3
1034,CVE-2015-10090,11,MEDIUM,6.1
1035,CVE-2023-24276,11,CRITICAL,9.8
1036,CVE-2023-24278,11,MEDIUM,6.1
1037,CVE-2023-24279,11,MEDIUM,6.1
1038,CVE-2023-21433,11,HIGH,7.8
1039,CVE-2023-28114,11,MEDIUM,4.1
1040,CVE-2023-21808,11,HIGH,7.8
1041,CVE-2023-28101,11,MEDIUM,4.3
1042,CVE-2023-24184,11,CRITICAL,9.8
1043,CVE-2023-20079,11,HIGH,7.5
1044,CVE-2022-32972,11,HIGH,7.8
1045,CVE-2023-1530,11,HIGH,8.8
1046,CVE-2023-28487,11,MEDIUM,5.3
1047,CVE-2023-22682,11,MEDIUM,6.1
1048,CVE-2023-24230,11,MEDIUM,4.8
1049,CVE-2023-24569,11,HIGH,7.8
1050,CVE-2022-43440,11,HIGH,7.8
1051,CVE-2022-43764,11,CRITICAL,9.8
1052,CVE-2022-30037,11,HIGH,7.2
1053,CVE-2023-24579,11,MEDIUM,5.5
1054,CVE-2023-22838,11,MEDIUM,5.4
1055,CVE-2022-43863,11,HIGH,7.2
1056,CVE-2023-22939,11,HIGH,8.8
1057,CVE-2023-22953,11,HIGH,8.8
1058,CVE-2023-28531,11,CRITICAL,9.8
1059,CVE-2023-24197,11,MEDIUM,6.1
1060,CVE-2023-24078,11,HIGH,8.8
1061,CVE-2022-43929,11,HIGH,7.5
1062,CVE-2023-1531,11,HIGH,8.8
1063,CVE-2023-1436,11,HIGH,7.5
1064,CVE-2023-24345,11,HIGH,8.8
1065,CVE-2022-22297,11,MEDIUM,5.5
1066,CVE-2023-27567,11,HIGH,7.5
1067,CVE-2023-28470,11,MEDIUM,5.3
1068,CVE-2023-1565,11,MEDIUM,5.4
1069,CVE-2023-27240,11,CRITICAL,9.8
1070,CVE-2023-27857,11,HIGH,7.5
1071,CVE-2022-42331,11,MEDIUM,5.5
1072,CVE-2022-42333,11,HIGH,8.6
1073,CVE-2023-20016,11,MEDIUM,6.5
1074,CVE-2022-46973,11,CRITICAL,9.8
1075,CVE-2023-27853,11,CRITICAL,9.8
1076,CVE-2023-20015,11,MEDIUM,6.7
1077,CVE-2023-20014,11,HIGH,7.5
1078,CVE-2023-27207,11,CRITICAL,9.8
1079,CVE-2023-1610,11,CRITICAL,9.8
1080,CVE-2023-0685,11,MEDIUM,4.3
1081,CVE-2023-27856,11,HIGH,7.5
1082,CVE-2023-1606,11,CRITICAL,9.8
1083,CVE-2023-24530,11,CRITICAL,9.1
1084,CVE-2022-42476,11,HIGH,8.2
1085,CVE-2023-22636,11,LOW,3.3
1086,CVE-2023-22643,11,HIGH,7.8
1087,CVE-2023-0320,11,MEDIUM,5.4
1088,CVE-2023-0869,11,MEDIUM,6.1
1089,CVE-2023-1613,11,MEDIUM,6.1
1090,CVE-2023-0943,11,HIGH,8.8
1091,CVE-2023-22678,11,HIGH,8.8
1092,CVE-2023-1068,11,MEDIUM,4.3
1093,CVE-2023-0085,11,MEDIUM,5.3
1094,CVE-2023-25402,11,HIGH,7.5
1095,CVE-2023-0089,11,HIGH,8.8
1096,CVE-2023-25403,11,HIGH,7.5
1097,CVE-2023-0090,11,CRITICAL,9.8
1098,CVE-2023-1114,11,CRITICAL,9.8
1099,CVE-2023-1106,11,MEDIUM,6.1
1100,CVE-2023-1104,11,MEDIUM,5.4
1101,CVE-2023-0216,11,HIGH,7.5
1102,CVE-2023-25558,11,HIGH,8.8
1103,CVE-2023-26359,11,CRITICAL,9.8
1104,CVE-2023-1127,11,HIGH,7.8
1105,CVE-2023-1065,11,MEDIUM,5.3
1106,CVE-2023-1573,11,MEDIUM,6.1
1107,CVE-2023-0507,11,MEDIUM,5.4
1108,CVE-2023-0808,11,MEDIUM,6.8
1109,CVE-2021-23980,11,MEDIUM,6.1
1110,CVE-2023-25173,11,HIGH,7.8
1111,CVE-2023-26075,11,CRITICAL,9.8
1112,CVE-2023-26073,11,CRITICAL,9.8
1113,CVE-2023-25395,11,CRITICAL,9.8
1114,CVE-2023-1205,11,HIGH,8.8
1115,CVE-2023-0578,11,MEDIUM,6.1
1116,CVE-2023-25191,11,HIGH,7.5
1117,CVE-2023-26484,11,HIGH,8.2
1118,CVE-2023-25192,11,MEDIUM,5.3
1119,CVE-2023-26510,11,MEDIUM,5.7
1120,CVE-2022-48344,11,MEDIUM,6.1
1121,CVE-2023-25206,11,HIGH,8.8
1122,CVE-2023-25223,11,HIGH,7.2
1123,CVE-2023-25230,11,MEDIUM,4.9
1124,CVE-2022-48422,11,HIGH,7.8
1125,CVE-2023-25360,11,CRITICAL,9.8
1126,CVE-2023-1572,11,MEDIUM,5.4
1127,CVE-2023-0615,11,MEDIUM,5.5
1128,CVE-2023-25578,11,HIGH,7.5
1129,CVE-2023-25687,11,MEDIUM,4.3
1130,CVE-2023-26235,11,MEDIUM,6.1
1131,CVE-2022-4862,11,HIGH,7.6
1132,CVE-2022-4903,11,CRITICAL,9.8
1133,CVE-2023-26511,11,CRITICAL,9.8
1134,CVE-2023-1162,11,HIGH,8.8
1135,CVE-2023-1152,11,CRITICAL,9.8
1136,CVE-2023-0027,11,MEDIUM,4.3
1137,CVE-2023-1148,11,MEDIUM,4.8
1138,CVE-2023-26490,11,HIGH,8.8
1139,CVE-2023-26487,11,MEDIUM,6.1
1140,CVE-2023-0681,11,MEDIUM,6.1
1141,CVE-2023-1037,11,CRITICAL,9.8
1142,CVE-2023-25266,11,HIGH,8.8
1143,CVE-2022-48367,11,CRITICAL,9.8
1144,CVE-2022-48366,11,LOW,3.7
1145,CVE-2023-26550,11,CRITICAL,9.8
1146,CVE-2023-0887,11,HIGH,7.8
1147,CVE-2023-26109,11,CRITICAL,9.8
1148,CVE-2023-0739,11,MEDIUM,6.8
1149,CVE-2023-0987,11,MEDIUM,5.4
1150,CVE-2023-0928,11,HIGH,8.8
1151,CVE-2023-25812,11,HIGH,8.8
1152,CVE-2023-0862,11,HIGH,8.8
1153,CVE-2023-0875,11,HIGH,8.8
1154,CVE-2023-25594,11,HIGH,8.8
1155,CVE-2023-25794,11,MEDIUM,4.8
1156,CVE-2023-0908,11,HIGH,7.8
1157,CVE-2023-0907,11,MEDIUM,5.5
1158,CVE-2023-25065,11,HIGH,8.8
1159,CVE-2023-25782,11,MEDIUM,4.8
1160,CVE-2023-25768,11,MEDIUM,6.5
1161,CVE-2023-25767,11,HIGH,8.8
1162,CVE-2023-25766,11,MEDIUM,4.3
1163,CVE-2023-25764,11,MEDIUM,5.4
1164,CVE-2023-0933,11,HIGH,8.8
1165,CVE-2023-0994,11,HIGH,7.5
1166,CVE-2023-25819,11,MEDIUM,5.3
1167,CVE-2023-0997,11,HIGH,8.8
1168,CVE-2023-25765,11,CRITICAL,9.9
1169,CVE-2023-0946,11,CRITICAL,9.8
1170,CVE-2023-0947,11,CRITICAL,9.8
1171,CVE-2023-1005,11,HIGH,7.8
1172,CVE-2023-0942,11,MEDIUM,6.1
1173,CVE-2023-25595,11,MEDIUM,5.5
1174,CVE-2023-25596,11,MEDIUM,4.9
1175,CVE-2023-25605,11,HIGH,7.2
1176,CVE-2023-26043,11,MEDIUM,6.5
1177,CVE-2023-0697,11,MEDIUM,6.5
1178,CVE-2023-0698,11,HIGH,8.8
1179,CVE-2023-0705,11,HIGH,7.5
1180,CVE-2023-0706,11,HIGH,8.8
1181,CVE-2023-0725,11,MEDIUM,4.3
1182,CVE-2023-1008,11,MEDIUM,5.5
1183,CVE-2023-1007,11,HIGH,7.8
1184,CVE-2023-25691,11,CRITICAL,9.8
1185,CVE-2023-24777,11,CRITICAL,9.8
1186,CVE-2023-0726,11,MEDIUM,4.3
1187,CVE-2023-1305,11,HIGH,8.1
1188,CVE-2023-0830,11,HIGH,8.8
1189,CVE-2023-25928,11,MEDIUM,5.4
1190,CVE-2023-0949,11,MEDIUM,4.8
1191,CVE-2023-25684,11,CRITICAL,9.8
1192,CVE-2022-48343,11,MEDIUM,6.1
1193,CVE-2023-1213,11,HIGH,8.8
1194,CVE-2022-47162,11,HIGH,8.8
1195,CVE-2023-0880,11,MEDIUM,4.3
1196,CVE-2022-47665,11,HIGH,7.8
1197,CVE-2022-48323,11,CRITICAL,9.8
1198,CVE-2023-1253,11,CRITICAL,9.8
1199,CVE-2023-25064,11,MEDIUM,4.8
1200,CVE-2022-47166,11,HIGH,8.8
1201,CVE-2023-25069,11,HIGH,8.8
1202,CVE-2022-48329,11,CRITICAL,9.8
1203,CVE-2023-26608,11,MEDIUM,5.4
1204,CVE-2020-19947,11,CRITICAL,9.6
1205,CVE-2022-47155,11,HIGH,8.8
1206,CVE-2023-26806,11,CRITICAL,9.8
1207,CVE-2023-0758,11,CRITICAL,9.8
1208,CVE-2023-1212,11,MEDIUM,4.8
1209,CVE-2020-1938,11,CRITICAL,9.8
1210,CVE-2023-25077,11,MEDIUM,5.4
1211,CVE-2023-26609,11,HIGH,7.2
1212,CVE-2023-26784,11,CRITICAL,9.8
1213,CVE-2022-48149,11,CRITICAL,9.8
1214,CVE-2022-48254,11,MEDIUM,4.6
1215,CVE-2023-1276,11,HIGH,7.2
1216,CVE-2022-48019,11,HIGH,7.8
1217,CVE-2022-47595,11,MEDIUM,6.5
1218,CVE-2022-47171,11,MEDIUM,4.8
1219,CVE-2020-36691,11,MEDIUM,5.5
1220,CVE-2023-1262,11,MEDIUM,5.3
1221,CVE-2022-47440,11,HIGH,8.8
1222,CVE-2022-47427,11,HIGH,8.8
1223,CVE-2021-33360,10,CRITICAL,9.8
1224,CVE-2022-3229,10,CRITICAL,9.8
1225,CVE-2023-22743,10,HIGH,7.3
1226,CVE-2021-32853,10,CRITICAL,9.6
1227,CVE-2023-22421,10,HIGH,7.8
1228,CVE-2023-22476,10,MEDIUM,4.3
1229,CVE-2023-22768,10,HIGH,7.2
1230,CVE-2023-1301,10,CRITICAL,9.8
1231,CVE-2022-47422,10,HIGH,8.8
1232,CVE-2023-22424,10,HIGH,7.8
1233,CVE-2023-1300,10,CRITICAL,9.8
1234,CVE-2023-22679,10,MEDIUM,4.8
1235,CVE-2023-22702,10,MEDIUM,5.4
1236,CVE-2022-3284,10,HIGH,7.5
1237,CVE-2021-32857,10,MEDIUM,6.1
1238,CVE-2023-22680,10,MEDIUM,4.8
1239,CVE-2023-0979,10,CRITICAL,9.8
1240,CVE-2023-1379,10,CRITICAL,9.8
1241,CVE-2023-0960,10,CRITICAL,9.8
1242,CVE-2022-46723,10,CRITICAL,9.8
1243,CVE-2023-22580,10,HIGH,7.5
1244,CVE-2023-0776,10,CRITICAL,10.0
1245,CVE-2022-40022,10,CRITICAL,9.8
1246,CVE-2022-30564,10,MEDIUM,5.3
1247,CVE-2022-45564,10,CRITICAL,9.8
1248,CVE-2023-0770,10,HIGH,7.8
1249,CVE-2023-0701,10,HIGH,8.8
1250,CVE-2023-0951,10,HIGH,8.8
1251,CVE-2023-1289,10,MEDIUM,5.5
1252,CVE-2023-0782,10,CRITICAL,9.8
1253,CVE-2023-0736,10,MEDIUM,5.4
1254,CVE-2021-26414,10,MEDIUM,6.5
1255,CVE-2022-2883,10,HIGH,7.5
1256,CVE-2021-34125,10,HIGH,7.5
1257,CVE-2023-1391,10,CRITICAL,9.8
1258,CVE-2023-0724,10,MEDIUM,4.3
1259,CVE-2022-46705,10,MEDIUM,4.3
1260,CVE-2022-28368,10,CRITICAL,9.8
1261,CVE-2022-2835,10,MEDIUM,4.4
1262,CVE-2023-21708,10,CRITICAL,9.8
1263,CVE-2023-1009,10,MEDIUM,5.5
1264,CVE-2022-4009,10,HIGH,8.8
1265,CVE-2023-22265,10,MEDIUM,5.4
1266,CVE-2023-22362,10,HIGH,7.5
1267,CVE-2023-22345,10,HIGH,7.8
1268,CVE-2021-33387,10,CRITICAL,9.6
1269,CVE-2023-0999,10,HIGH,8.8
1270,CVE-2023-22804,10,CRITICAL,9.8
1271,CVE-2023-1002,10,MEDIUM,6.5
1272,CVE-2023-22269,10,MEDIUM,5.4
1273,CVE-2023-22254,10,MEDIUM,5.4
1274,CVE-2023-1394,10,CRITICAL,9.8
1275,CVE-2022-40540,10,HIGH,7.8
1276,CVE-2023-23919,10,HIGH,7.5
1277,CVE-2022-41722,10,HIGH,7.5
1278,CVE-2023-0868,10,MEDIUM,6.1
1279,CVE-2022-40237,10,HIGH,7.5
1280,CVE-2022-47143,10,HIGH,8.8
1281,CVE-2023-1006,10,MEDIUM,5.4
1282,CVE-2022-40347,10,CRITICAL,9.8
1283,CVE-2022-40348,10,MEDIUM,5.4
1284,CVE-2023-22803,10,HIGH,7.5
1285,CVE-2022-33216,10,MEDIUM,5.5
1286,CVE-2023-0870,10,MEDIUM,6.7
1287,CVE-2023-23659,10,HIGH,8.8
1288,CVE-2022-38220,10,MEDIUM,6.1
1289,CVE-2023-0867,10,MEDIUM,6.1
1290,CVE-2022-35720,10,MEDIUM,5.5
1291,CVE-2023-0865,10,HIGH,8.8
1292,CVE-2022-46862,10,HIGH,8.8
1293,CVE-2023-23558,10,MEDIUM,6.3
1294,CVE-2022-46836,10,HIGH,8.8
1295,CVE-2022-3568,10,HIGH,8.8
1296,CVE-2022-38547,10,HIGH,7.2
1297,CVE-2023-23522,10,MEDIUM,5.5
1298,CVE-2023-0929,10,HIGH,8.8
1299,CVE-2023-0850,10,HIGH,7.5
1300,CVE-2023-1314,10,HIGH,7.8
1301,CVE-2023-1345,10,MEDIUM,4.3
1302,CVE-2023-22856,10,MEDIUM,5.4
1303,CVE-2022-47179,10,MEDIUM,4.3
1304,CVE-2022-33233,10,HIGH,7.8
1305,CVE-2023-22253,10,MEDIUM,5.4
1306,CVE-2022-47443,10,HIGH,8.8
1307,CVE-2023-1344,10,MEDIUM,4.3
1308,CVE-2022-37937,10,CRITICAL,9.8
1309,CVE-2023-23776,10,LOW,3.1
1310,CVE-2023-1327,10,CRITICAL,9.8
1311,CVE-2023-23899,10,MEDIUM,4.3
1312,CVE-2023-23865,10,MEDIUM,4.3
1313,CVE-2023-1338,10,MEDIUM,4.3
1314,CVE-2023-23849,10,MEDIUM,6.1
1315,CVE-2023-1339,10,MEDIUM,4.3
1316,CVE-2023-1342,10,MEDIUM,4.3
1317,CVE-2023-23782,10,HIGH,7.8
1318,CVE-2023-1343,10,MEDIUM,4.3
1319,CVE-2023-23779,10,HIGH,8.8
1320,CVE-2022-37402,10,MEDIUM,4.8
1321,CVE-2023-23475,10,MEDIUM,4.6
1322,CVE-2022-3758,10,MEDIUM,5.4
1323,CVE-2023-23465,10,HIGH,8.8
1324,CVE-2022-38777,10,HIGH,7.8
1325,CVE-2023-23003,10,HIGH,7.8
1326,CVE-2023-23000,10,MEDIUM,5.5
1327,CVE-2023-0817,10,HIGH,7.8
1328,CVE-2023-0815,10,MEDIUM,6.5
1329,CVE-2022-46773,10,MEDIUM,6.5
1330,CVE-2021-22283,10,MEDIUM,5.5
1331,CVE-2023-0804,10,MEDIUM,5.5
1332,CVE-2022-47589,10,MEDIUM,4.8
1333,CVE-2023-23504,10,HIGH,7.8
1334,CVE-2023-0735,10,MEDIUM,6.5
1335,CVE-2022-38779,10,MEDIUM,6.1
1336,CVE-2022-3894,10,MEDIUM,4.3
1337,CVE-2022-42826,10,HIGH,8.8
1338,CVE-2022-4317,10,MEDIUM,6.1
1339,CVE-2022-4331,10,HIGH,7.3
1340,CVE-2023-22847,10,MEDIUM,4.3
1341,CVE-2022-33243,10,HIGH,7.8
1342,CVE-2023-0818,10,MEDIUM,5.5
1343,CVE-2022-33246,10,HIGH,7.8
1344,CVE-2022-47163,10,HIGH,7.5
1345,CVE-2022-38778,10,MEDIUM,6.5
1346,CVE-2023-0847,10,HIGH,8.1
1347,CVE-2022-34397,10,MEDIUM,5.7
1348,CVE-2022-34362,10,MEDIUM,4.6
1349,CVE-2023-1467,10,CRITICAL,9.8
1350,CVE-2022-3381,10,MEDIUM,6.1
1351,CVE-2023-23162,10,CRITICAL,9.8
1352,CVE-2023-23150,10,CRITICAL,9.8
1353,CVE-2023-0840,10,MEDIUM,5.4
1354,CVE-2023-0827,10,MEDIUM,5.4
1355,CVE-2023-23080,10,CRITICAL,9.8
1356,CVE-2023-0937,10,MEDIUM,6.1
1357,CVE-2023-1030,10,MEDIUM,6.1
1358,CVE-2023-21528,10,HIGH,7.8
1359,CVE-2023-1418,10,MEDIUM,6.1
1360,CVE-2023-1566,10,CRITICAL,9.8
1361,CVE-2023-0078,10,MEDIUM,5.4
1362,CVE-2022-33248,10,HIGH,7.8
1363,CVE-2022-43459,10,HIGH,8.8
1364,CVE-2023-0100,10,HIGH,8.8
1365,CVE-2023-1468,10,CRITICAL,9.8
1366,CVE-2022-48308,10,LOW,3.7
1367,CVE-2022-28496,10,CRITICAL,9.8
1368,CVE-2023-1571,10,CRITICAL,9.8
1369,CVE-2023-0574,10,CRITICAL,9.8
1370,CVE-2023-1131,10,MEDIUM,6.1
1371,CVE-2023-1146,10,MEDIUM,5.4
1372,CVE-2022-43578,10,MEDIUM,5.4
1373,CVE-2023-1147,10,MEDIUM,5.4
1374,CVE-2023-1472,10,MEDIUM,6.3
1375,CVE-2022-43762,10,CRITICAL,9.8
1376,CVE-2022-43763,10,HIGH,7.5
1377,CVE-2022-48307,10,LOW,3.7
1378,CVE-2022-23239,10,MEDIUM,4.8
1379,CVE-2022-42438,10,HIGH,8.8
1380,CVE-2023-0083,10,MEDIUM,5.5
1381,CVE-2022-42735,10,HIGH,8.8
1382,CVE-2023-1105,10,HIGH,8.1
1383,CVE-2023-1629,10,HIGH,7.8
1384,CVE-2023-1626,10,HIGH,7.8
1385,CVE-2023-1261,10,MEDIUM,5.3
1386,CVE-2023-1107,10,MEDIUM,5.4
1387,CVE-2022-42334,10,MEDIUM,6.5
1388,CVE-2023-0102,10,CRITICAL,9.1
1389,CVE-2023-1113,10,MEDIUM,4.8
1390,CVE-2023-1257,10,MEDIUM,6.8
1391,CVE-2022-48078,10,CRITICAL,9.8
1392,CVE-2022-42833,10,HIGH,7.8
1393,CVE-2022-41723,10,HIGH,7.5
1394,CVE-2022-4895,10,HIGH,8.1
1395,CVE-2022-43765,10,HIGH,7.5
1396,CVE-2022-4933,10,CRITICAL,9.8
1397,CVE-2023-1157,10,MEDIUM,5.5
1398,CVE-2023-1475,10,CRITICAL,9.8
1399,CVE-2022-45004,10,MEDIUM,6.1
1400,CVE-2023-1231,10,MEDIUM,4.3
1401,CVE-2021-44197,10,MEDIUM,6.1
1402,CVE-2022-45104,10,HIGH,8.8
1403,CVE-2023-1230,10,MEDIUM,4.3
1404,CVE-2023-1187,10,MEDIUM,5.5
1405,CVE-2022-45146,10,MEDIUM,5.5
1406,CVE-2021-4327,10,CRITICAL,9.8
1407,CVE-2022-48341,10,HIGH,8.8
1408,CVE-2023-1188,10,MEDIUM,5.5
1409,CVE-2023-1189,10,MEDIUM,5.5
1410,CVE-2022-4557,10,CRITICAL,9.8
1411,CVE-2022-45455,10,HIGH,7.8
1412,CVE-2023-1190,10,HIGH,7.8
1413,CVE-2023-1186,10,MEDIUM,5.5
1414,CVE-2023-1185,10,HIGH,8.8
1415,CVE-2023-1184,10,HIGH,8.8
1416,CVE-2022-4901,10,MEDIUM,6.1
1417,CVE-2022-43870,10,MEDIUM,6.5
1418,CVE-2023-1163,10,MEDIUM,6.5
1419,CVE-2022-33221,10,MEDIUM,5.5
1420,CVE-2023-1249,10,MEDIUM,5.5
1421,CVE-2022-45600,10,HIGH,8.8
1422,CVE-2022-4904,10,HIGH,8.6
1423,CVE-2022-41329,10,MEDIUM,5.3
1424,CVE-2023-1232,10,MEDIUM,4.3
1425,CVE-2022-45599,10,CRITICAL,9.8
1426,CVE-2022-44698,10,MEDIUM,5.4
1427,CVE-2022-45586,10,MEDIUM,5.5
1428,CVE-2022-48339,10,HIGH,7.8
1429,CVE-2023-1513,10,HIGH,7.5
1430,CVE-2023-1234,10,MEDIUM,4.3
1431,CVE-2022-42332,10,HIGH,7.8
1432,CVE-2023-20012,10,MEDIUM,4.6
1433,CVE-2023-21706,10,HIGH,8.8
1434,CVE-2022-43930,10,HIGH,7.5
1435,CVE-2022-46286,10,MEDIUM,5.5
1436,CVE-2022-48328,10,CRITICAL,9.8
1437,CVE-2023-20937,10,HIGH,7.8
1438,CVE-2023-20927,10,HIGH,7.8
1439,CVE-2023-0630,10,HIGH,8.8
1440,CVE-2023-0629,10,HIGH,7.1
1441,CVE-2022-45861,10,MEDIUM,6.5
1442,CVE-2023-0597,10,MEDIUM,5.5
1443,CVE-2023-0595,10,MEDIUM,5.3
1444,CVE-2023-0594,10,MEDIUM,5.4
1445,CVE-2022-45854,10,MEDIUM,4.3
1446,CVE-2022-41696,10,MEDIUM,5.5
1447,CVE-2022-41334,10,MEDIUM,6.1
1448,CVE-2023-22252,10,MEDIUM,5.4
1449,CVE-2023-24992,10,HIGH,7.8
1450,CVE-2022-28492,10,CRITICAL,9.8
1451,CVE-2023-1070,10,HIGH,7.1
1452,CVE-2023-24642,10,CRITICAL,9.8
1453,CVE-2021-36392,10,CRITICAL,9.8
1454,CVE-2022-27596,10,CRITICAL,9.8
1455,CVE-2023-21616,10,MEDIUM,5.4
1456,CVE-2023-1432,10,CRITICAL,9.8
1457,CVE-2023-0687,10,CRITICAL,9.8
1458,CVE-2023-1433,10,HIGH,7.2
1459,CVE-2023-1281,10,HIGH,7.8
1460,CVE-2023-21465,10,MEDIUM,5.5
1461,CVE-2023-21464,10,LOW,3.3
1462,CVE-2023-21463,10,LOW,3.3
1463,CVE-2023-21462,10,LOW,3.3
1464,CVE-2023-21454,10,LOW,2.4
1465,CVE-2021-35370,10,CRITICAL,9.8
1466,CVE-2023-0686,10,CRITICAL,9.8
1467,CVE-2023-1055,10,MEDIUM,5.5
1468,CVE-2023-20857,10,MEDIUM,6.8
1469,CVE-2023-0559,10,MEDIUM,5.4
1470,CVE-2023-20855,10,HIGH,8.8
1471,CVE-2023-24652,10,HIGH,8.8
1472,CVE-2022-4224,10,HIGH,8.8
1473,CVE-2023-20069,10,MEDIUM,5.4
1474,CVE-2023-20062,10,MEDIUM,4.3
1475,CVE-2023-20061,10,MEDIUM,6.5
1476,CVE-2022-28493,10,CRITICAL,9.8
1477,CVE-2023-26955,10,MEDIUM,5.4
1478,CVE-2023-0196,10,LOW,3.3
1479,CVE-2023-0175,10,MEDIUM,5.4
1480,CVE-2023-20649,10,MEDIUM,4.4
1481,CVE-2023-0145,10,MEDIUM,5.4
1482,CVE-2023-1101,10,HIGH,8.8
1483,CVE-2022-42291,10,MEDIUM,5.5
1484,CVE-2022-24410,10,MEDIUM,4.2
1485,CVE-2023-0223,10,MEDIUM,5.3
1486,CVE-2023-20088,10,HIGH,7.5
1487,CVE-2022-47141,10,HIGH,8.8
1488,CVE-2023-20645,10,MEDIUM,4.4
1489,CVE-2023-0540,10,MEDIUM,5.4
1490,CVE-2023-0460,10,HIGH,7.3
1491,CVE-2023-1091,10,CRITICAL,9.8
1492,CVE-2023-0378,10,MEDIUM,5.4
1493,CVE-2023-0167,10,MEDIUM,5.4
1494,CVE-2023-0369,10,MEDIUM,5.4
1495,CVE-2023-20644,10,MEDIUM,4.4
1496,CVE-2020-24857,10,MEDIUM,6.1
1497,CVE-2023-1451,10,MEDIUM,5.5
1498,CVE-2023-1452,10,HIGH,7.8
1499,CVE-2023-20626,10,MEDIUM,6.7
1500,CVE-2023-20625,10,MEDIUM,6.4
1501,CVE-2023-20624,10,MEDIUM,6.7
1502,CVE-2023-1267,10,CRITICAL,9.8
1503,CVE-2023-20104,10,MEDIUM,6.1
1504,CVE-2023-20647,10,MEDIUM,4.4
1505,CVE-2023-25763,10,MEDIUM,5.4
1506,CVE-2023-26476,10,HIGH,7.5
1507,CVE-2023-24686,10,MEDIUM,4.8
1508,CVE-2023-27597,10,HIGH,7.5
1509,CVE-2023-27850,10,MEDIUM,6.8
1510,CVE-2023-25141,10,HIGH,7.5
1511,CVE-2023-25169,10,MEDIUM,5.3
1512,CVE-2023-27851,10,HIGH,8.8
1513,CVE-2023-23983,10,MEDIUM,5.4
1514,CVE-2023-27852,10,CRITICAL,9.8
1515,CVE-2023-24996,10,HIGH,7.8
1516,CVE-2023-26951,10,MEDIUM,5.4
1517,CVE-2023-28443,10,MEDIUM,5.5
1518,CVE-2023-24990,10,HIGH,7.8
1519,CVE-2023-24988,10,HIGH,7.8
1520,CVE-2023-26950,10,MEDIUM,5.4
1521,CVE-2023-24995,10,HIGH,7.8
1522,CVE-2023-26948,10,HIGH,7.5
1523,CVE-2023-24984,10,HIGH,7.8
1524,CVE-2023-27893,10,HIGH,8.8
1525,CVE-2023-24993,10,HIGH,7.8
1526,CVE-2023-26257,10,HIGH,7.5
1527,CVE-2023-24981,10,HIGH,7.8
1528,CVE-2023-24980,10,HIGH,7.8
1529,CVE-2023-26954,10,MEDIUM,5.4
1530,CVE-2023-26949,10,CRITICAL,9.8
1531,CVE-2023-24978,10,HIGH,7.8
1532,CVE-2023-25140,10,HIGH,7.8
1533,CVE-2023-24985,10,HIGH,7.8
1534,CVE-2023-26460,10,MEDIUM,5.3
1535,CVE-2023-26952,10,MEDIUM,5.4
1536,CVE-2023-27581,10,HIGH,8.8
1537,CVE-2023-27596,10,HIGH,7.5
1538,CVE-2023-26303,10,MEDIUM,5.5
1539,CVE-2023-27586,10,HIGH,7.1
1540,CVE-2023-25281,10,HIGH,7.5
1541,CVE-2023-23992,10,MEDIUM,4.3
1542,CVE-2023-24979,10,HIGH,7.8
1543,CVE-2023-25279,10,CRITICAL,9.8
1544,CVE-2023-28610,10,CRITICAL,9.8
1545,CVE-2023-25267,10,HIGH,8.8
1546,CVE-2023-27592,10,MEDIUM,5.4
1547,CVE-2023-27594,10,HIGH,7.3
1548,CVE-2023-27595,10,CRITICAL,9.8
1549,CVE-2023-25172,10,MEDIUM,5.4
1550,CVE-2023-27585,10,HIGH,7.5
1551,CVE-2023-25171,10,MEDIUM,5.9
1552,CVE-2023-27600,10,HIGH,7.5
1553,CVE-2023-25168,10,HIGH,8.2
1554,CVE-2023-27601,10,HIGH,7.5
1555,CVE-2023-24249,10,HIGH,7.2
1556,CVE-2023-24253,10,CRITICAL,9.8
1557,CVE-2023-28460,10,HIGH,7.2
1558,CVE-2023-25163,10,MEDIUM,6.5
1559,CVE-2023-27052,10,CRITICAL,9.8
1560,CVE-2022-45755,10,MEDIUM,5.4
1561,CVE-2023-25158,10,CRITICAL,9.8
1562,CVE-2023-1099,10,CRITICAL,9.8
1563,CVE-2022-41333,10,HIGH,7.5
1564,CVE-2023-28422,10,MEDIUM,4.8
1565,CVE-2023-27054,10,MEDIUM,6.1
1566,CVE-2023-26491,10,MEDIUM,6.1
1567,CVE-2023-24567,10,MEDIUM,6.5
1568,CVE-2023-28332,10,MEDIUM,6.1
1569,CVE-2023-26805,10,CRITICAL,9.8
1570,CVE-2023-26779,10,CRITICAL,9.8
1571,CVE-2023-24107,10,CRITICAL,9.8
1572,CVE-2023-26497,10,CRITICAL,9.8
1573,CVE-2023-28331,10,MEDIUM,6.1
1574,CVE-2023-24350,10,CRITICAL,9.8
1575,CVE-2023-24523,10,HIGH,8.8
1576,CVE-2023-28330,10,MEDIUM,6.5
1577,CVE-2023-24369,10,MEDIUM,6.1
1578,CVE-2023-28329,10,HIGH,8.8
1579,CVE-2023-24382,10,HIGH,8.8
1580,CVE-2023-24384,10,HIGH,8.8
1581,CVE-2023-26498,10,CRITICAL,9.8
1582,CVE-2023-24114,10,CRITICAL,9.8
1583,CVE-2023-24415,10,HIGH,8.8
1584,CVE-2023-28144,10,HIGH,7.0
1585,CVE-2023-24465,10,MEDIUM,5.5
1586,CVE-2023-24419,10,HIGH,8.8
1587,CVE-2023-26759,10,HIGH,8.8
1588,CVE-2023-28111,10,HIGH,7.5
1589,CVE-2023-24104,10,CRITICAL,9.8
1590,CVE-2023-25396,10,HIGH,7.8
1591,CVE-2023-24578,10,MEDIUM,5.5
1592,CVE-2023-24688,10,MEDIUM,5.3
1593,CVE-2023-28334,10,MEDIUM,4.3
1594,CVE-2023-24810,10,MEDIUM,6.1
1595,CVE-2023-27905,10,MEDIUM,5.4
1596,CVE-2023-27983,10,MEDIUM,5.3
1597,CVE-2023-28005,10,MEDIUM,6.8
1598,CVE-2023-28096,10,HIGH,7.5
1599,CVE-2023-24861,10,HIGH,7.0
1600,CVE-2023-26478,10,HIGH,8.1
1601,CVE-2023-24828,10,HIGH,8.8
1602,CVE-2023-26479,10,MEDIUM,6.5
1603,CVE-2023-24811,10,MEDIUM,6.1
1604,CVE-2023-28338,10,HIGH,7.5
1605,CVE-2023-27900,10,HIGH,7.5
1606,CVE-2023-24795,10,CRITICAL,9.8
1607,CVE-2023-28429,10,MEDIUM,6.1
1608,CVE-2023-26481,10,MEDIUM,6.5
1609,CVE-2023-24782,10,CRITICAL,9.8
1610,CVE-2023-24781,10,CRITICAL,9.8
1611,CVE-2023-24776,10,CRITICAL,9.8
1612,CVE-2023-24081,10,MEDIUM,5.4
1613,CVE-2023-24773,10,CRITICAL,9.8
1614,CVE-2023-24760,10,HIGH,8.8
1615,CVE-2023-28337,10,HIGH,8.8
1616,CVE-2023-28336,10,MEDIUM,4.3
1617,CVE-2023-24736,10,CRITICAL,9.8
1618,CVE-2023-28098,10,HIGH,7.5
1619,CVE-2023-26488,10,MEDIUM,6.5
1620,CVE-2023-28662,10,CRITICAL,9.8
1621,CVE-2022-46496,10,MEDIUM,5.9
1622,CVE-2023-24229,10,HIGH,7.8
1623,CVE-2023-25717,10,CRITICAL,9.8
1624,CVE-2023-28663,10,HIGH,8.8
1625,CVE-2023-25947,10,MEDIUM,5.5
1626,CVE-2023-27309,10,HIGH,8.8
1627,CVE-2023-25656,10,HIGH,7.5
1628,CVE-2023-27088,10,HIGH,8.8
1629,CVE-2023-24194,10,MEDIUM,6.1
1630,CVE-2023-26034,10,HIGH,8.8
1631,CVE-2023-27161,10,HIGH,7.5
1632,CVE-2023-24231,10,MEDIUM,4.8
1633,CVE-2023-27205,10,CRITICAL,9.8
1634,CVE-2023-25592,10,MEDIUM,6.1
1635,CVE-2023-25859,10,HIGH,7.8
1636,CVE-2023-26093,10,CRITICAL,9.8
1637,CVE-2023-26040,10,MEDIUM,6.1
1638,CVE-2023-23927,10,MEDIUM,5.4
1639,CVE-2023-25614,10,MEDIUM,6.1
1640,CVE-2023-24205,10,CRITICAL,9.8
1641,CVE-2023-26054,10,MEDIUM,6.5
1642,CVE-2023-25611,10,HIGH,7.3
1643,CVE-2023-27095,10,MEDIUM,6.5
1644,CVE-2023-27310,10,HIGH,8.8
1645,CVE-2023-27093,10,MEDIUM,6.1
1646,CVE-2023-24195,10,MEDIUM,6.1
1647,CVE-2023-26108,10,MEDIUM,5.3
1648,CVE-2023-24191,10,MEDIUM,6.1
1649,CVE-2023-26041,10,MEDIUM,4.3
1650,CVE-2023-26084,10,LOW,3.7
1651,CVE-2023-25820,10,HIGH,7.8
1652,CVE-2023-27115,10,MEDIUM,5.5
1653,CVE-2023-25718,10,CRITICAL,9.8
1654,CVE-2023-26020,10,HIGH,7.2
1655,CVE-2023-27102,10,MEDIUM,6.5
1656,CVE-2023-27560,10,HIGH,7.5
1657,CVE-2023-24238,10,CRITICAL,9.8
1658,CVE-2023-27271,10,HIGH,7.5
1659,CVE-2023-27208,10,MEDIUM,6.1
1660,CVE-2023-24159,10,CRITICAL,9.8
1661,CVE-2023-25807,10,MEDIUM,5.4
1662,CVE-2023-27501,10,CRITICAL,9.6
1663,CVE-2023-26242,10,HIGH,7.8
1664,CVE-2023-27249,10,MEDIUM,5.5
1665,CVE-2023-28818,10,MEDIUM,5.3
1666,CVE-2023-27290,10,CRITICAL,9.1
1667,CVE-2023-24161,10,CRITICAL,9.8
1668,CVE-2023-25811,10,MEDIUM,5.4
1669,CVE-2023-24160,10,CRITICAL,9.8
1670,CVE-2023-24232,10,MEDIUM,4.8
1671,CVE-2023-27235,10,HIGH,7.2
1672,CVE-2023-27210,10,CRITICAL,9.8
1673,CVE-2023-24233,10,MEDIUM,4.8
1674,CVE-2023-28441,10,HIGH,7.5
1675,CVE-2023-25810,10,MEDIUM,5.4
1676,CVE-2018-17144,10,HIGH,7.5
